永昌段一小段,00810001
永昌段一小段,00840000
永昌段一小段,01010000
永昌段一小段,01160000
永昌段一小段,01170000
永昌段一小段,01170003
永昌段一小段,01170004
永昌段一小段,01170005
永昌段一小段,01170007
永昌段一小段,01170008
永昌段一小段,01170010
永昌段一小段,01170011
永昌段一小段,01170012
永昌段一小段,01170015
永昌段一小段,01170017
永昌段一小段,01170018
永昌段一小段,01170019
永昌段一小段,01170020
永昌段一小段,01230000
永昌段一小段,01230002
永昌段一小段,01270000
永昌段一小段,01300000
永昌段一小段,01420000
永昌段一小段,01420001
永昌段一小段,01560000
永昌段一小段,01560002
永昌段一小段,01560003
永昌段一小段,01560004
永昌段一小段,01560005
永昌段一小段,01560010
永昌段一小段,01560011
永昌段一小段,01560012
永昌段一小段,01560013
永昌段一小段,02050000
永昌段一小段,02080000
永昌段一小段,02090000
永昌段一小段,02170000
永昌段一小段,02180000
永昌段一小段,02260000
永昌段一小段,02260001
永昌段一小段,02270000
永昌段一小段,02270001
永昌段一小段,02280001
永昌段一小段,02290000
永昌段一小段,02330000
永昌段一小段,02330002
永昌段一小段,02340000
永昌段一小段,02390000
永昌段一小段,02400000
永昌段一小段,02400002
永昌段二小段,03710000
永昌段二小段,04680000
永昌段二小段,04680001
永昌段二小段,04680002
永昌段二小段,04680003
永昌段二小段,04680009
永昌段二小段,04680011
永昌段二小段,04680013
永昌段二小段,04680016
永昌段二小段,04680017
永昌段二小段,04680019
永昌段二小段,04680020
永昌段二小段,04700000
永昌段二小段,04700001
永昌段二小段,04700002
永昌段二小段,04700005
永昌段二小段,04700006
永昌段二小段,04700007
永昌段二小段,04700009
永昌段二小段,04700012
永昌段二小段,04700013
永昌段二小段,04720000
永昌段二小段,05010000
永昌段二小段,05010001
永昌段二小段,05010002
永昌段二小段,05010004
永昌段二小段,05010006
永昌段二小段,05010008
永昌段二小段,05010010
永昌段二小段,05010012
永昌段二小段,05010013
永昌段二小段,05010015
永昌段二小段,05010016
永昌段二小段,05010017
永昌段二小段,05010018
永昌段二小段,05020000
永昌段二小段,05020001
永昌段二小段,05020002
永昌段二小段,05020004
永昌段二小段,05020006
永昌段二小段,05020007
永昌段二小段,05020008
永昌段二小段,05020009
永昌段二小段,05020010
永昌段二小段,05040000
永昌段二小段,05040004
永昌段二小段,05040005
永昌段二小段,05040006
永昌段二小段,05060000
永昌段二小段,05060003
永昌段二小段,05060004
永昌段二小段,05060007
永昌段二小段,05060008
永昌段二小段,05060010
永昌段二小段,05060011
永昌段二小段,05060012
永昌段二小段,05060013
永昌段二小段,05060014
永昌段二小段,05060016
永昌段二小段,05060017
永昌段二小段,05060018
永昌段二小段,05060020
永昌段二小段,05060021
永昌段二小段,05060022
永昌段二小段,05060023
永昌段二小段,05060024
永昌段二小段,05060025
永昌段二小段,05060026
永昌段二小段,05060029
永昌段二小段,05060030
永昌段二小段,05060032
永昌段二小段,05060033
永昌段二小段,05060034
永昌段二小段,05060035
永昌段二小段,05060036
永昌段二小段,05060037
永昌段二小段,05060038
永昌段二小段,05060039
永昌段二小段,05060040
永昌段二小段,05060041
永昌段二小段,05060042
永昌段二小段,05060043
永昌段二小段,05060044
永昌段二小段,05060045
永昌段二小段,05060046
永昌段二小段,05060047
永昌段二小段,05060049
永昌段二小段,05060050
永昌段二小段,05060051
永昌段二小段,05060053
永昌段二小段,05060054
永昌段二小段,05060055
永昌段二小段,05060056
永昌段二小段,05060058
永昌段二小段,05060059
永昌段二小段,05320000
永昌段二小段,05390000
永昌段二小段,05390003
永昌段二小段,05390004
永昌段二小段,05390006
永昌段二小段,05420000
永昌段二小段,05520000
永昌段二小段,05530000
永昌段二小段,05540000
永昌段二小段,05570000
永昌段二小段,05580000
永昌段二小段,05590000
永昌段二小段,05640000
永昌段二小段,05660002
永昌段二小段,05680000
永昌段二小段,05680002
永昌段二小段,05680003
永昌段二小段,05680004
永昌段二小段,05680005
永昌段二小段,05680010
永昌段二小段,05680011
永昌段二小段,05680014
永昌段二小段,05680015
永昌段二小段,05690000
永昌段二小段,05700000
永昌段二小段,05700002
永昌段二小段,05700003
永昌段二小段,05700005
永昌段二小段,05700006
永昌段二小段,05840000
永昌段二小段,05880000
永昌段二小段,06040000
永昌段三小段,00080000
永昌段三小段,00100000
永昌段三小段,00220000
永昌段三小段,00730000
永昌段三小段,00740000
永昌段三小段,00830002
永昌段三小段,00830005
永昌段三小段,02770002
永昌段三小段,02770003
永昌段三小段,02770006
永昌段三小段,02920002
永昌段三小段,02920003
永昌段三小段,02920004
永昌段三小段,02940002
永昌段三小段,02950000
永昌段三小段,03260000
永昌段三小段,03260002
永昌段三小段,03260005
永昌段三小段,03260007
永昌段三小段,03260009
永昌段三小段,03260010
永昌段三小段,03300001
永昌段三小段,03300002
永昌段三小段,03300004
永昌段三小段,03300006
永昌段三小段,03300008
永昌段三小段,03300009
永昌段三小段,03300010
永昌段三小段,03300011
永昌段三小段,03300012
永昌段三小段,03300013
永昌段三小段,03300014
永昌段三小段,03300015
永昌段三小段,03300016
永昌段三小段,03300017
永昌段三小段,03300018
永昌段三小段,03300019
永昌段三小段,03300020
永昌段三小段,03300023
永昌段三小段,03300024
永昌段三小段,03300025
永昌段三小段,03300026
永昌段三小段,03300027
永昌段三小段,03300028
永昌段三小段,03300029
永昌段三小段,03300030
永昌段三小段,03300033
永昌段三小段,03300034
永昌段三小段,03300036
永昌段三小段,03300037
永昌段三小段,04920000
永昌段三小段,04930000
永昌段三小段,04940000
永昌段三小段,04960000
永昌段三小段,04970000
永昌段三小段,04980000
永昌段三小段,04990000
永昌段三小段,05000000
永昌段三小段,05010000
永昌段三小段,05020000
永昌段三小段,05030000
永昌段三小段,05040000
永昌段三小段,05050000
永昌段三小段,05060000
永昌段三小段,05070000
永昌段三小段,05080000
永昌段三小段,05090000
永昌段三小段,05100000
永昌段三小段,05110000
永昌段三小段,05120000
永昌段三小段,05130000
永昌段三小段,05140000
永昌段三小段,05170000
永昌段三小段,05180000
永昌段三小段,05230000
永昌段三小段,05240000
永昌段三小段,05250000
永昌段三小段,05260000
永昌段三小段,05270000
永昌段三小段,05280000
永昌段三小段,05440000
永昌段三小段,05450000
永昌段三小段,05460001
永昌段三小段,05460002
永昌段三小段,05480000
永昌段三小段,05490000
永昌段三小段,05500000
永昌段三小段,05510000
永昌段三小段,05520000
永昌段三小段,05550000
永昌段三小段,05590000
永昌段三小段,05600000
永昌段三小段,05690000
永昌段三小段,05690001
永昌段三小段,05700000
永昌段三小段,05710000
永昌段三小段,05720000
永昌段三小段,05730000
永昌段三小段,05730001
永昌段三小段,05740000
永昌段三小段,05740001
永昌段三小段,05830000
永昌段三小段,05830003
永昌段三小段,05830004
永昌段三小段,05880000
永昌段三小段,05880002
永昌段三小段,05880003
永昌段三小段,05880006
永昌段三小段,05880007
永昌段三小段,05880009
永昌段三小段,05880010
永昌段三小段,05880011
永昌段三小段,05880012
永昌段三小段,05880013
永昌段三小段,05880015
永昌段三小段,05880016
永昌段三小段,05880017
永昌段三小段,05880018
永昌段三小段,05880020
永昌段三小段,05880021
永昌段三小段,05880022
永昌段三小段,05880023
永昌段三小段,05880024
永昌段三小段,05880025
永昌段三小段,05880026
永昌段三小段,05880027
永昌段三小段,05880029
永昌段三小段,05880030
永昌段三小段,05880031
永昌段三小段,05880032
永昌段三小段,05880033
永昌段三小段,05880034
永昌段三小段,05880035
永昌段三小段,05880036
永昌段三小段,05880037
永昌段三小段,05880038
永昌段三小段,05880039
永昌段三小段,05880040
永昌段三小段,05880041
永昌段三小段,05880042
永昌段三小段,05880043
永昌段三小段,05880044
永昌段三小段,05880045
永昌段三小段,05880047
永昌段三小段,05880049
永昌段三小段,05880050
永昌段三小段,05880051
永昌段三小段,05880052
永昌段三小段,05880054
永昌段三小段,05880055
永昌段三小段,05880056
永昌段三小段,05880057
永昌段三小段,05880058
永昌段三小段,05880059
永昌段三小段,05880060
永昌段三小段,05880063
永昌段三小段,05880066
永昌段三小段,05880067
永昌段三小段,05880068
永昌段三小段,05880069
永昌段三小段,05880070
永昌段三小段,05880073
永昌段三小段,05880074
永昌段三小段,05880075
永昌段三小段,05880076
永昌段三小段,05880077
永昌段三小段,05880078
永昌段三小段,05880079
永昌段三小段,05880080
永昌段三小段,05880081
永昌段三小段,05880087
永昌段三小段,05880088
永昌段三小段,05880089
永昌段三小段,05880091
永昌段三小段,05880092
永昌段三小段,05880093
永昌段三小段,05880094
永昌段三小段,05880095
永昌段三小段,05880096
永昌段三小段,05880098
永昌段三小段,05880099
永昌段三小段,05890000
永昌段三小段,05890002
永昌段三小段,05890003
永昌段三小段,05890004
永昌段三小段,05890005
永昌段三小段,05890006
永昌段三小段,05890007
永昌段三小段,05890008
永昌段三小段,05890009
永昌段三小段,05890010
永昌段三小段,05900000
永昌段三小段,05910000
永昌段三小段,05920000
永昌段三小段,05940000
永昌段三小段,05940001
永昌段三小段,05940002
永昌段三小段,05940004
永昌段三小段,05940007
永昌段三小段,05960000
永昌段三小段,05970000
永昌段三小段,05980000
永昌段三小段,05990000
永昌段三小段,06000000
永昌段三小段,06010002
永昌段三小段,06020000
永昌段三小段,06040000
永昌段三小段,06050000
永昌段三小段,06060000
永昌段三小段,06070000
永昌段三小段,06070001
永昌段三小段,06070002
永昌段三小段,06070003
永昌段三小段,06080000
永昌段三小段,06090000
永昌段三小段,06100000
永昌段三小段,06110000
永昌段三小段,06140000
永昌段三小段,06150000
永昌段三小段,06160000
永昌段三小段,06170000
永昌段三小段,06230000
永昌段三小段,06240000
永昌段三小段,06260000
永昌段三小段,06270000
永昌段三小段,06280000
永昌段三小段,06290000
永昌段三小段,06300000
永昌段三小段,06320000
永昌段三小段,06320001
永昌段三小段,06320002
永昌段三小段,06330000
永昌段三小段,06330001
永昌段三小段,06350000
永昌段三小段,06350002
永昌段三小段,06350003
永昌段三小段,06350004
永昌段三小段,06350005
永昌段三小段,06370002
永昌段三小段,06390000
永昌段三小段,06390001
永昌段三小段,06400000
永昌段三小段,06400001
永昌段三小段,06410000
永昌段三小段,06430000
永昌段三小段,06430003
永昌段三小段,06430004
永昌段三小段,06430005
永昌段三小段,06430006
永昌段三小段,06430007
永昌段三小段,06430008
永昌段三小段,06430009
永昌段三小段,06430010
永昌段三小段,06430011
永昌段三小段,06430012
永昌段三小段,06430013
永昌段三小段,06430014
永昌段三小段,06430015
永昌段三小段,06430016
永昌段三小段,06430017
永昌段三小段,06430018
永昌段三小段,06430019
永昌段三小段,06430020
永昌段三小段,06430021
永昌段三小段,06430022
永昌段三小段,06430023
永昌段三小段,06430024
永昌段三小段,06430025
永昌段三小段,06430026
永昌段三小段,06430027
永昌段三小段,06430028
永昌段三小段,06430029
永昌段三小段,06500003
永昌段三小段,07350000
永昌段四小段,00380000
永昌段四小段,00460002
永昌段四小段,00460007
永昌段四小段,00460009
永昌段四小段,00460010
永昌段四小段,00460013
永昌段四小段,00460019
永昌段四小段,00460021
永昌段四小段,00460023
永昌段四小段,00460025
永昌段四小段,00470002
永昌段四小段,00510000
永昌段四小段,00510001
永昌段四小段,00520001
永昌段四小段,00540000
永昌段四小段,00540002
永昌段四小段,00550000
永昌段四小段,00600000
永昌段四小段,00600002
永昌段四小段,00600003
永昌段四小段,00630002
永昌段四小段,00630003
永昌段四小段,00640003
永昌段四小段,00660002
永昌段四小段,00660003
永昌段四小段,00670000
永昌段四小段,00720000
永昌段四小段,00720002
永昌段四小段,00770002
永昌段四小段,00830000
永昌段四小段,00830001
永昌段四小段,00850003
永昌段四小段,00850004
永昌段四小段,00850005
永昌段四小段,00850008
永昌段四小段,00850010
永昌段四小段,00850011
永昌段四小段,00850013
永昌段四小段,01060001
永昌段四小段,01060005
永昌段四小段,01060006
永昌段四小段,01060008
永昌段四小段,01060009
永昌段四小段,01060012
永昌段四小段,01080001
永昌段四小段,01080002
永昌段四小段,01090000
永昌段四小段,01100000
永昌段四小段,01110000
永昌段四小段,01120004
永昌段四小段,01130000
永昌段四小段,01130001
永昌段四小段,01130002
永昌段四小段,01140000
永昌段四小段,01140001
永昌段四小段,01150000
永昌段四小段,01150001
永昌段四小段,01150002
永昌段四小段,01160000
永昌段四小段,01160001
永昌段四小段,01160002
永昌段四小段,01220004
永昌段四小段,01220008
永昌段四小段,01220011
永昌段四小段,01220012
永昌段四小段,01220017
永昌段四小段,01220021
永昌段四小段,01220022
永昌段四小段,01220023
永昌段四小段,01290001
永昌段四小段,01290002
永昌段四小段,01320000
永昌段四小段,01320002
永昌段四小段,01320004
永昌段四小段,01320006
永昌段四小段,01320007
永昌段四小段,01320008
永昌段四小段,01320009
永昌段四小段,01340000
永昌段四小段,01340005
永昌段四小段,01340007
永昌段四小段,01340008
永昌段四小段,01340012
永昌段四小段,01340018
永昌段四小段,01340020
永昌段四小段,01340031
永昌段四小段,01340032
永昌段四小段,01530000
永昌段四小段,01530001
永昌段四小段,01530002
永昌段四小段,01530003
永昌段四小段,01650000
永昌段四小段,01680000
永昌段四小段,01680002
永昌段四小段,01680003
永昌段四小段,01680004
永昌段四小段,01680005
永昌段四小段,01680007
永昌段四小段,01680018
永昌段四小段,01680019
永昌段四小段,01680020
永昌段四小段,01680021
永昌段四小段,01680022
永昌段四小段,01680023
永昌段四小段,01680025
永昌段四小段,01680028
永昌段四小段,01680031
永昌段四小段,01680034
永昌段四小段,01900003
永昌段四小段,01900004
永昌段四小段,01900006
永昌段四小段,01900009
永昌段四小段,01900010
永昌段四小段,01900018
永昌段四小段,01900020
永昌段四小段,01970000
永昌段四小段,02100000
永昌段四小段,02670000
永昌段四小段,02680000
永昌段四小段,02770000
永昌段四小段,02770003
永昌段四小段,02770011
永昌段四小段,02770018
永昌段四小段,02770020
永昌段四小段,02770022
永昌段四小段,02830000
永昌段四小段,02830002
永昌段四小段,02830003
永昌段四小段,02840002
永昌段四小段,02840003
永昌段四小段,02850000
永昌段四小段,02850002
永昌段四小段,02860000
永昌段四小段,02880000
永昌段四小段,02890000
永昌段四小段,02900000
永昌段四小段,02910000
永昌段四小段,02960000
永昌段四小段,02970000
永昌段四小段,02990001
永昌段四小段,03020000
永昌段四小段,03280000
永昌段四小段,03290000
永昌段四小段,03310001
永昌段四小段,03310002
永昌段四小段,03310003
永昌段四小段,03310005
永昌段四小段,03310006
永昌段四小段,03310007
永昌段四小段,03310008
永昌段四小段,03310011
永昌段四小段,03370001
永昌段四小段,03370004
永昌段四小段,03370007
永昌段四小段,03370010
永昌段四小段,03660003
永昌段四小段,03660005
永昌段四小段,03660007
永昌段四小段,03660017
永昌段四小段,03660021
永昌段四小段,03660031
永昌段四小段,03660034
永昌段四小段,03660035
永昌段四小段,03660037
永昌段四小段,03660042
永昌段四小段,03660049
永昌段四小段,03660050
永昌段四小段,03660051
永昌段四小段,03980000
永昌段四小段,03980001
永昌段四小段,03980002
永昌段四小段,03980005
永昌段四小段,03980006
永昌段四小段,03980007
永昌段四小段,03980008
永昌段四小段,03980009
永昌段四小段,03980010
永昌段四小段,03990000
永昌段四小段,03990001
永昌段四小段,03990002
永昌段四小段,04000000
永昌段四小段,04000001
永昌段四小段,04010001
永昌段四小段,04010003
永昌段四小段,04020002
永昌段四小段,04020003
永昌段四小段,04020004
永昌段四小段,04020005
永昌段四小段,04470000
永昌段四小段,04490000
永昌段四小段,04490003
永昌段四小段,04490004
永昌段四小段,04490006
永昌段四小段,04490007
永昌段四小段,04490008
永昌段四小段,04490010
永昌段四小段,04490011
永昌段四小段,04530000
永昌段四小段,04530004
永昌段四小段,04550003
永昌段四小段,04680000
永昌段四小段,04690000
永昌段四小段,04690002
永昌段四小段,04700000
永昌段四小段,04700001
永昌段四小段,04700004
永昌段四小段,04730001
永昌段四小段,04730003
永昌段四小段,04730004
永昌段四小段,04730005
永昌段四小段,04730006
永昌段四小段,04750000
永昌段四小段,04760000
永昌段四小段,04970000
永昌段四小段,05010001
永昌段四小段,05100000
永昌段四小段,05100001
永昌段四小段,05100002
永昌段四小段,05130000
永昌段四小段,05140000
永昌段四小段,05170000
永昌段四小段,05180000
永昌段四小段,05180001
永昌段四小段,05210000
永昌段四小段,05220000
永昌段四小段,05250000
永昌段四小段,05560004
永昌段四小段,06330005
永昌段四小段,06330006
永昌段五小段,01420000
永昌段五小段,01420001
永昌段五小段,01420004
永昌段五小段,01420005
永昌段五小段,01420007
永昌段五小段,01420008
永昌段五小段,01420009
永昌段五小段,01420011
永昌段五小段,01420012
永昌段五小段,01420016
永昌段五小段,01460000
永昌段五小段,01570001
永昌段五小段,01750000
永昌段五小段,01750003
永昌段五小段,01760000
永昌段五小段,01760002
永昌段五小段,01760003
永昌段五小段,01770000
永昌段五小段,01770001
永昌段五小段,01770002
永昌段五小段,01770003
永昌段五小段,01770004
永昌段五小段,01770005
永昌段五小段,01770006
永昌段五小段,01770007
永昌段五小段,01790000
永昌段五小段,01800000
永昌段五小段,02450000
永昌段五小段,02450001
永昌段五小段,02490000
永昌段五小段,02520000
永昌段五小段,02540000
永昌段五小段,02600000
永昌段五小段,02610000
永昌段五小段,02630000
永昌段五小段,02650000
永昌段五小段,02660000
永昌段五小段,02690000
永昌段五小段,02900000
永昌段五小段,02910000
永昌段五小段,02910002
永昌段五小段,02960000
永昌段五小段,02960001
永昌段五小段,02980000
永昌段五小段,02980001
永昌段五小段,02990000
永昌段五小段,03020000
永昌段五小段,03030000
永昌段五小段,03040000
永昌段五小段,03040006
永昌段五小段,03040007
永昌段五小段,03040008
永昌段五小段,03040009
永昌段五小段,03040012
永昌段五小段,03040014
永昌段五小段,03040016
永昌段五小段,03740012
永昌段五小段,04000000
永昌段五小段,04040000
永昌段五小段,04390000
永昌段五小段,04390002
永昌段五小段,04390003
永昌段五小段,04390003
永昌段五小段,04390004
永昌段五小段,04390005
永昌段五小段,04400000
永昌段五小段,04400002
永昌段五小段,04400004
永昌段五小段,04400006
永昌段五小段,04400007
永昌段五小段,04410000
永昌段五小段,04420000
永昌段五小段,04420004
永昌段五小段,04490002
永昌段五小段,04520002
永昌段五小段,04520003
永昌段五小段,04560004
永昌段五小段,04970023
永昌段六小段,00860000
永昌段六小段,00860003
永昌段六小段,00860004
永昌段六小段,00860006
永昌段六小段,00860007
永昌段六小段,00880000
永昌段六小段,00890000
永昌段六小段,00970002
永昌段六小段,01350000
永昌段六小段,01350000
永昌段六小段,01350001
永昌段六小段,01350002
永昌段六小段,01350003
永昌段六小段,01350004
永昌段六小段,01350005
永昌段六小段,01350006
永昌段六小段,01350007
永昌段六小段,01350011
永昌段六小段,01350012
永昌段六小段,01350013
永昌段六小段,01350014
永昌段六小段,01350015
永昌段六小段,01360000
永昌段六小段,01360003
永昌段六小段,01360004
永昌段六小段,01360006
永昌段六小段,01360009
永昌段六小段,01380000
永昌段六小段,01380000
永昌段六小段,01380001
永昌段六小段,01380002
永昌段六小段,01380003
永昌段六小段,01380003
永昌段六小段,01380004
永昌段六小段,01380004
永昌段六小段,01380005
永昌段六小段,01380006
永昌段六小段,01380007
永昌段六小段,01380008
永昌段六小段,01380009
永昌段六小段,01380010
永昌段六小段,01380011
永昌段六小段,01470004
永昌段六小段,01480004
永昌段六小段,01490002
永昌段六小段,01700001
永昌段六小段,01840003
永昌段六小段,01860000
永昌段六小段,01870009
永昌段六小段,01870010
永昌段六小段,01870011
永昌段六小段,01880002
永昌段六小段,01880003
永昌段六小段,02460004
永昌段六小段,02900003
河堤段一小段,01930000
河堤段一小段,01930001
河堤段一小段,01960000
河堤段一小段,02200001
河堤段二小段,00500000
河堤段二小段,04350000
河堤段二小段,04350002
河堤段二小段,04370000
河堤段二小段,04380000
河堤段二小段,04390004
河堤段二小段,04470000
河堤段二小段,04470002
河堤段二小段,04490000
河堤段二小段,05300002
河堤段二小段,05300003
河堤段二小段,05300004
河堤段二小段,05300005
河堤段三小段,03380001
河堤段三小段,03390000
河堤段三小段,03400000
河堤段三小段,04900000
河堤段三小段,04910000
河堤段三小段,04910001
河堤段三小段,04910002
河堤段三小段,05030000
河堤段三小段,05030002
河堤段三小段,05040002
河堤段四小段,00650000
河堤段四小段,00720000
河堤段四小段,00720001
河堤段四小段,00790000
河堤段四小段,00790001
河堤段四小段,00800000
河堤段四小段,00800001
河堤段四小段,00830000
河堤段四小段,00830002
河堤段四小段,00830003
河堤段四小段,00830007
河堤段四小段,00830008
河堤段四小段,00830009
河堤段四小段,00830010
河堤段四小段,00960001
河堤段四小段,00960002
河堤段四小段,00970000
河堤段四小段,00970001
河堤段四小段,00970002
河堤段四小段,01220001
河堤段四小段,01220004
河堤段四小段,01230001
河堤段四小段,01230002
河堤段四小段,01230003
河堤段四小段,01250001
河堤段四小段,01250003
河堤段四小段,01250004
河堤段四小段,01250005
河堤段四小段,01250006
河堤段四小段,01250007
河堤段四小段,01250008
河堤段四小段,01270001
河堤段四小段,01280001
河堤段四小段,01310001
河堤段四小段,01320001
河堤段四小段,01350001
河堤段四小段,01360001
河堤段四小段,01380003
河堤段四小段,01380004
河堤段四小段,01390001
河堤段四小段,01400002
河堤段四小段,01410002
河堤段四小段,01430000
河堤段四小段,01430002
河堤段四小段,01460001
河堤段四小段,01470000
河堤段四小段,01470002
河堤段四小段,01480000
河堤段四小段,01480003
河堤段四小段,01490003
河堤段四小段,01490004
河堤段四小段,01500000
河堤段四小段,01500002
河堤段四小段,01510000
河堤段四小段,01510001
河堤段四小段,01510002
河堤段四小段,01520000
河堤段四小段,01540002
河堤段四小段,01550003
河堤段四小段,01580000
河堤段四小段,01580002
河堤段四小段,01670000
河堤段四小段,01670002
河堤段四小段,01700000
河堤段四小段,01710000
河堤段四小段,01720000
河堤段四小段,01730000
河堤段四小段,01740000
河堤段四小段,01750000
河堤段四小段,01750005
河堤段四小段,01750012
河堤段四小段,01830000
河堤段四小段,01870001
河堤段四小段,01870002
河堤段四小段,02320000
河堤段四小段,02320001
河堤段四小段,02320002
河堤段四小段,02320003
河堤段四小段,02320004
河堤段四小段,02340000
河堤段四小段,02340001
河堤段四小段,02350001
河堤段四小段,02350002
河堤段四小段,02350004
河堤段四小段,02350005
河堤段四小段,02430000
河堤段四小段,02460000
河堤段四小段,02480005
河堤段四小段,02480007
河堤段四小段,02480015
河堤段四小段,02480016
河堤段四小段,02480018
河堤段四小段,02480019
河堤段四小段,02480020
河堤段四小段,02480021
河堤段四小段,02490000
河堤段四小段,02570000
河堤段四小段,03370006
河堤段四小段,03370014
河堤段四小段,03370015
河堤段四小段,03610003
河堤段四小段,03680001
河堤段四小段,05990002
河堤段四小段,06560000
河堤段四小段,06560003
河堤段四小段,06560004
河堤段四小段,06570000
河堤段四小段,06570003
河堤段四小段,06570004
河堤段四小段,06650001
河堤段四小段,06830000
河堤段四小段,06830001
河堤段四小段,06840000
河堤段四小段,06870000
河堤段四小段,06870002
河堤段四小段,06870003
河堤段四小段,06870004
河堤段四小段,06870005
河堤段四小段,06870008
河堤段四小段,06870009
河堤段四小段,06870010
河堤段四小段,06870011
河堤段四小段,06870013
河堤段四小段,06870014
河堤段四小段,06870015
河堤段四小段,06870016
河堤段四小段,06870017
河堤段四小段,06870018
河堤段四小段,06870020
河堤段四小段,06870021
河堤段四小段,06870022
河堤段四小段,06870023
河堤段四小段,06870024
河堤段四小段,06870025
河堤段四小段,06870026
河堤段四小段,06870027
河堤段四小段,06870028
河堤段四小段,06870029
河堤段四小段,06870030
河堤段四小段,06870031
河堤段四小段,06870032
河堤段四小段,06870033
河堤段四小段,06960000
河堤段四小段,06960001
河堤段四小段,06960002
河堤段六小段,00100000
河堤段六小段,00280000
河堤段六小段,00290000
河堤段六小段,00300000
河堤段六小段,00310000
河堤段六小段,00440000
河堤段六小段,00790000
河堤段六小段,00800000
河堤段六小段,00800001
河堤段六小段,05010001
河堤段六小段,05040000
河堤段六小段,05040001
河堤段六小段,05040002
河堤段六小段,05040003
河堤段六小段,05590000
河堤段六小段,05600000
河堤段六小段,05830001
河堤段六小段,05830003
河堤段六小段,05920000
河堤段六小段,05950000
河堤段六小段,06190000
河堤段六小段,06190003
河堤段六小段,06190004
河堤段六小段,06190005
河堤段六小段,06190006
南海段一小段,02680000
南海段一小段,02950000
南海段一小段,02960001
南海段一小段,02960002
南海段一小段,02990001
南海段一小段,03630000
南海段一小段,03750000
南海段一小段,03750001
南海段一小段,03960000
南海段一小段,03960003
南海段一小段,03960005
南海段一小段,03960006
南海段一小段,03960007
南海段一小段,03960008
南海段一小段,03960009
南海段一小段,03960010
南海段一小段,04070000
南海段一小段,04070001
南海段一小段,04080001
南海段一小段,04080002
南海段一小段,04110000
南海段一小段,04110001
南海段一小段,04120000
南海段一小段,04120001
南海段一小段,04130001
南海段一小段,04130002
南海段一小段,04140000
南海段一小段,04180000
南海段一小段,04260000
南海段一小段,04270002
南海段二小段,00410004
南海段二小段,00490007
南海段二小段,00490009
南海段二小段,00490011
南海段二小段,00490013
南海段二小段,00500003
南海段二小段,00670001
南海段二小段,00670002
南海段二小段,00680002
南海段二小段,00680003
南海段二小段,00690000
南海段二小段,00710000
南海段二小段,00710001
南海段二小段,00720000
南海段二小段,00720001
南海段二小段,00720002
南海段二小段,00720003
南海段二小段,00720004
南海段二小段,00720005
南海段二小段,00720006
南海段二小段,00730000
南海段二小段,00730001
南海段二小段,00730002
南海段二小段,00760000
南海段二小段,00920000
南海段二小段,00920002
南海段二小段,01020000
南海段二小段,01020002
南海段二小段,01020003
南海段二小段,01020004
南海段二小段,01020005
南海段二小段,01020010
南海段二小段,01020011
南海段二小段,01020012
南海段二小段,01020013
南海段二小段,01030000
南海段二小段,01030001
南海段二小段,01030005
南海段二小段,01030006
南海段二小段,01030007
南海段二小段,01030008
南海段二小段,01030009
南海段二小段,01030010
南海段二小段,01030011
南海段二小段,01030012
南海段二小段,01030013
南海段二小段,01340000
南海段二小段,01350000
南海段二小段,01430000
南海段二小段,01440000
南海段二小段,03950001
南海段二小段,04570001
南海段二小段,04930000
南海段二小段,05110001
南海段三小段,02360000
南海段三小段,02410000
南海段三小段,02410001
南海段三小段,03000000
南海段三小段,03040000
南海段三小段,03040001
南海段三小段,03040002
南海段三小段,03040003
南海段三小段,03050000
南海段三小段,03080000
南海段三小段,03080003
南海段三小段,03900000
南海段三小段,04580000
南海段三小段,06710001
南海段三小段,06730001
南海段三小段,06740000
南海段三小段,06740001
南海段三小段,06740008
南海段三小段,06740009
南海段三小段,06740010
南海段三小段,06780003
南海段三小段,06780004
南海段三小段,06790001
南海段三小段,06800001
南海段三小段,06800002
南海段三小段,06820000
南海段三小段,06880000
南海段三小段,06910000
南海段三小段,07970000
南海段三小段,07970001
南海段四小段,01800000
南海段四小段,01800001
南海段四小段,01800002
南海段四小段,02000000
南海段四小段,02000001
南海段四小段,02010000
南海段四小段,02030000
南海段四小段,07300000
南海段四小段,07310000
南海段四小段,07320000
南海段四小段,07320002
南海段四小段,07330002
南海段四小段,07400000
南海段四小段,07430000
南海段四小段,07510000
南海段四小段,07700000
南海段五小段,00720000
南海段五小段,00730000
南海段五小段,00750002
南海段五小段,00750003
南海段五小段,00780000
南海段五小段,02310001
南海段五小段,02520002
南海段五小段,02530002
南海段五小段,02590000
南海段五小段,02750000
南海段五小段,04970000
南海段五小段,05030001
南海段五小段,05030002
南海段五小段,05060003
南海段五小段,05190002
南海段五小段,05190016
福和段一小段,00100001
福和段一小段,00100009
福和段一小段,01570000
福和段一小段,01580000
福和段一小段,01580001
福和段一小段,05260003
福和段一小段,08580000
福和段一小段,08720000
福和段二小段,01640003
福和段二小段,01700002
福和段二小段,02670016
福和段二小段,02670022
福和段二小段,02670030
福和段二小段,02780000
福和段二小段,02790000
福和段二小段,02820000
福和段二小段,02830000
福和段二小段,02910000
福和段二小段,02910001
福和段二小段,03610004
福和段二小段,03620000
福和段二小段,03790002
景美段三小段,00920002
景美段三小段,03080000
景美段三小段,03380000
景美段四小段,06000001
景美段四小段,06010010
景美段五小段,00400010
景美段五小段,00470002
景美段五小段,00470003
景美段五小段,00480000
景美段五小段,00480001
景美段五小段,00490000
景美段五小段,00500000
景美段五小段,00500001
景美段五小段,00510000
景美段五小段,00520000
景美段五小段,00680002
景美段五小段,00680005
景美段五小段,00880000
景美段五小段,00880001
景美段五小段,00880002
景美段五小段,00880003
景美段五小段,00880004
景美段五小段,00880005
景美段五小段,01020001
景美段五小段,01530000
景美段五小段,03900001
景美段五小段,04050000
景美段五小段,04220000
景美段五小段,04310000
景美段五小段,04320000
景美段五小段,04450000
景美段五小段,04490000
景美段五小段,04530000
景美段五小段,04560000
景美段五小段,04620000
景美段五小段,04660000
景美段五小段,04710000
景美段五小段,04880000
景美段五小段,05080000
景美段五小段,05090000
景美段五小段,05120000
景美段五小段,05130000
景美段五小段,05160000
景美段五小段,05220000
景美段五小段,05270000
景美段五小段,05420000
景美段五小段,05490000
景美段五小段,05620000
景美段五小段,05770000
景美段五小段,05920000
景美段五小段,05980000
景美段五小段,06000000
景美段五小段,06120000
景美段五小段,06130000
景美段五小段,06470000
景美段五小段,06480000
景美段五小段,06550000
景美段五小段,07090000
景美段五小段,07120000
景美段五小段,07190000
景美段五小段,07240000
景美段五小段,07300000
景美段五小段,07310000
景美段五小段,07350000
景美段五小段,07360000
景美段五小段,07390000
景美段五小段,07400000
景美段五小段,07460000
景美段五小段,07510000
景美段五小段,07520000
景美段五小段,07560000
景美段五小段,07610001
景美段五小段,07930000
景美段五小段,07980000
景美段五小段,08040000
景美段五小段,08100000
景美段五小段,08210000
景美段五小段,08270000
景美段五小段,08280000
景美段五小段,08330000
萬慶段一小段,01400000
萬慶段一小段,01410000
萬慶段一小段,01490000
萬慶段一小段,01500000
萬慶段一小段,04430000
萬慶段二小段,00190000
萬慶段二小段,00200000
萬慶段二小段,00200001
萬慶段二小段,00210000
萬慶段二小段,05810000
萬慶段二小段,08290000
萬慶段三小段,04110000
萬慶段三小段,04190000
萬慶段三小段,04220000
萬慶段三小段,04660000
萬慶段三小段,04660001
萬隆段一小段,00530005
萬隆段一小段,00570000
萬隆段一小段,00570006
萬隆段一小段,00570007
萬隆段一小段,00570008
萬隆段一小段,00570009
萬隆段一小段,00570010
萬隆段一小段,00570011
萬隆段一小段,00570012
萬隆段一小段,00570013
萬隆段一小段,00570022
萬隆段一小段,00570023
萬隆段一小段,00570025
萬隆段一小段,00570026
萬隆段一小段,00570027
萬隆段一小段,00570028
萬隆段一小段,00570029
萬隆段一小段,00950000
萬隆段一小段,01090000
萬隆段一小段,01090007
萬隆段一小段,01090009
萬隆段一小段,01090011
萬隆段一小段,01090013
萬隆段一小段,01090014
萬隆段一小段,04100000
萬隆段一小段,04100001
萬隆段一小段,05510000
萬隆段一小段,05510002
萬隆段一小段,05650000
萬隆段一小段,05650002
萬隆段一小段,05650005
萬隆段一小段,05650007
萬隆段一小段,05910000
萬隆段一小段,05910001
萬隆段一小段,05910002
萬隆段一小段,05910003
萬隆段一小段,05910004
萬隆段一小段,05910005
萬隆段一小段,05910006
萬隆段一小段,05910007
萬隆段一小段,05910008
萬隆段一小段,05910009
萬隆段一小段,05910010
萬隆段一小段,05920001
萬隆段一小段,05940000
萬隆段一小段,05940001
萬隆段一小段,05940003
萬隆段一小段,05940004
萬隆段一小段,05940005
萬隆段一小段,05940006
萬隆段一小段,05940007
萬隆段一小段,05940008
萬隆段一小段,05940009
萬隆段一小段,05940010
萬隆段一小段,05940011
萬隆段一小段,05990000
萬隆段一小段,05990001
萬隆段一小段,05990002
萬隆段一小段,05990003
萬隆段一小段,05990004
萬隆段一小段,05990005
萬隆段一小段,06040000
萬隆段一小段,06070000
萬隆段一小段,06330000
萬隆段一小段,06330001
萬隆段一小段,06330002
萬隆段一小段,06390000
萬隆段二小段,05190000
萬隆段二小段,05190014
萬隆段二小段,05190019
萬隆段二小段,05190020
萬隆段二小段,05190022
萬隆段二小段,05190023
萬隆段二小段,05190024
萬隆段二小段,05190025
萬隆段二小段,05190026
萬隆段二小段,05190027
萬隆段二小段,05190029
萬隆段二小段,05190030
萬隆段二小段,05190031
萬隆段二小段,05190032
萬隆段二小段,05190033
萬隆段二小段,05190034
萬隆段二小段,05360000
萬隆段二小段,05750000
萬隆段二小段,05750004
興隆段二小段,04310000
興隆段二小段,04310002
興隆段二小段,04310003
興安段四小段,02170002
興安段四小段,02190002
興安段四小段,02200002
興安段四小段,02200007
興安段四小段,02210000
興安段四小段,02220000
興安段四小段,02490000
興安段四小段,02500000
興安段四小段,02510000
興安段四小段,02510001
興安段四小段,02520000
興安段四小段,02520001
華興段二小段,06450000
華興段二小段,06460000
華興段三小段,00250001
華興段三小段,00250002
華興段四小段,00440002
華興段四小段,04640001
華興段四小段,05410000
實踐段一小段,01400000
實踐段一小段,01880000
實踐段一小段,02980004
實踐段二小段,04430001
實踐段二小段,04670000
實踐段二小段,04670003
公訓段二小段,02100006
公訓段二小段,02100007
公訓段二小段,02100008
公訓段二小段,02100009
公訓段二小段,02110006
公訓段二小段,02110018
公訓段二小段,02110019
公訓段二小段,02560002
公訓段二小段,02560004
公訓段二小段,02560007
公訓段二小段,02560008
公訓段二小段,02830000
公訓段二小段,02840000
公訓段二小段,03320002
公訓段二小段,04370000
公訓段三小段,03600000
興泰段二小段,02710000
興泰段二小段,03620000
興泰段二小段,03710000
萬芳段二小段,02670010
萬芳段二小段,02670011
萬芳段二小段,02670013
萬芳段三小段,08380002
木柵段一小段,03890000
木柵段一小段,05020000
木柵段一小段,05030000
木柵段一小段,05040000
木柵段一小段,05080000
木柵段一小段,05080001
木柵段三小段,01240000
木柵段三小段,01240001
木柵段三小段,01580000
木柵段三小段,04120000
木柵段三小段,06230000
木柵段三小段,06230001
木柵段三小段,06230002
木柵段三小段,06230003
木柵段三小段,06230004
木柵段三小段,06230005
木柵段三小段,06870000
木柵段三小段,06880000
木柵段三小段,06890000
木柵段四小段,00680000
木柵段四小段,00750001
木柵段四小段,00800000
木柵段四小段,01290000
木柵段四小段,01290002
木柵段四小段,01290003
木柵段四小段,01400001
政大段四小段,06550005
政大段四小段,06610001
政大段四小段,06620000
政大段四小段,06620005
政大段四小段,07630001
青年段一小段,00860029
青年段一小段,00870000
青年段一小段,01510008
青年段一小段,01510011
青年段一小段,01510032
青年段一小段,01510048
青年段一小段,01510052
青年段一小段,01510053
青年段一小段,01510054
青年段一小段,01510056
青年段一小段,01510057
青年段一小段,01510058
青年段一小段,07110000
青年段一小段,07110003
青年段二小段,00180007
青年段二小段,00180008
青年段二小段,00180032
青年段二小段,03390000
雙園段二小段,05420004
雙園段二小段,05420005
雙園段二小段,05420013
雙園段二小段,05420014
雙園段二小段,05660000
雙園段二小段,05690001
雙園段二小段,05700000
雙園段二小段,05700002
雙園段二小段,05730006
雙園段二小段,05730007
雙園段二小段,05740001
雙園段二小段,05750001
雙園段三小段,07060000
莒光段二小段,00820006
莒光段二小段,00820006
莒光段二小段,00830000
莒光段二小段,00840000
莒光段二小段,00970001
莒光段二小段,01000000
莒光段二小段,01060003
莒光段二小段,01090000
莒光段二小段,01090002
莒光段二小段,01100002
莒光段二小段,01140001
莒光段二小段,01150001
莒光段二小段,01240001
莒光段二小段,01240002
莒光段二小段,01240003
莒光段二小段,01250001
莒光段二小段,01260000
莒光段二小段,01260001
莒光段二小段,01270000
莒光段二小段,01280000
莒光段二小段,01310000
莒光段二小段,01330000
莒光段二小段,01340001
莒光段二小段,01350001
莒光段二小段,01360002
莒光段二小段,01360003
莒光段二小段,01370001
莒光段二小段,01380001
莒光段二小段,01380002
莒光段二小段,01400000
莒光段二小段,01410001
莒光段二小段,01410003
莒光段二小段,01410004
莒光段二小段,01410005
莒光段二小段,01410006
莒光段二小段,01420000
莒光段二小段,01440000
莒光段二小段,01450000
莒光段二小段,01460000
莒光段二小段,03040001
莒光段二小段,03180000
莒光段二小段,03180001
莒光段二小段,03190000
莒光段二小段,03200001
莒光段二小段,03200002
莒光段二小段,03200004
莒光段二小段,03290002
莒光段二小段,03290003
莒光段二小段,03290004
莒光段二小段,03700000
莒光段二小段,03700003
莒光段二小段,03800000
莒光段二小段,03870000
莒光段二小段,03920000
莒光段二小段,03930000
莒光段二小段,04070001
莒光段二小段,04090001
莒光段二小段,04120000
莒光段二小段,04470000
莒光段二小段,04660001
莒光段二小段,04690000
莒光段二小段,04690001
莒光段二小段,04690002
莒光段二小段,04710000
莒光段二小段,04710001
莒光段二小段,04720000
莒光段二小段,04720001
莒光段二小段,04730000
莒光段二小段,04730001
莒光段二小段,04740000
莒光段二小段,04980000
莒光段二小段,05000000
莒光段二小段,05020001
莒光段二小段,05040000
莒光段二小段,05180000
莒光段二小段,05200000
莒光段二小段,05210000
莒光段二小段,05220000
莒光段三小段,05220004
莒光段三小段,05220005
莒光段三小段,05220006
莒光段三小段,05220007
莒光段三小段,05220008
莒光段三小段,05860001
莒光段三小段,05910000
莒光段三小段,05990000
莒光段三小段,05990007
莒光段三小段,05990008
莒光段三小段,05990028
莒光段三小段,05990030
莒光段三小段,05990031
莒光段三小段,05990032
莒光段三小段,05990033
莒光段三小段,05990034
莒光段三小段,05990036
莒光段三小段,05990038
莒光段三小段,05990039
莒光段三小段,05990040
莒光段四小段,00020002
莒光段四小段,00080000
莒光段四小段,00270000
莒光段四小段,00400003
莒光段四小段,00400014
莒光段四小段,00440001
莒光段四小段,00440002
莒光段四小段,00500001
莒光段四小段,00500006
莒光段四小段,00610000
莒光段四小段,00610004
莒光段四小段,00610005
莒光段四小段,00610006
莒光段四小段,00610007
莒光段四小段,00610008
莒光段四小段,00660000
莒光段四小段,00700000
莒光段四小段,00700001
莒光段四小段,00700002
莒光段四小段,00740001
莒光段四小段,00740002
莒光段四小段,00740003
莒光段四小段,00740004
莒光段四小段,00740005
莒光段四小段,00990000
莒光段四小段,01010000
莒光段四小段,01010001
莒光段四小段,01020000
莒光段四小段,01040000
莒光段四小段,01040002
莒光段四小段,01040003
莒光段四小段,01040004
莒光段四小段,01060000
莒光段四小段,01070000
莒光段四小段,01070001
莒光段四小段,01080000
莒光段四小段,01090000
莒光段四小段,11440000
華中段一小段,02410000
華中段一小段,02410002
華中段一小段,03620000
華中段一小段,03620001
華江段一小段,02010000
華江段一小段,02510000
華江段一小段,03180000
華江段一小段,03430000
華江段一小段,03480002
華江段一小段,03480003
華江段一小段,04000000
華江段一小段,04010000
華江段一小段,04020000
華江段一小段,04890000
華江段三小段,00230000
華江段三小段,00320000
華江段三小段,00420000
華江段三小段,00470000
華江段三小段,00900000
華江段三小段,01250000
華江段三小段,01250001
華江段三小段,01250002
華江段三小段,02600013
華江段三小段,03080001
華江段三小段,03080002
華江段三小段,03740001
華江段三小段,03740003
華江段三小段,04240001
華江段三小段,04730000
華江段三小段,04730013
華江段三小段,04730018
華江段三小段,04730019
華江段三小段,04730022
華江段三小段,04730023
華江段三小段,04730024
華江段三小段,04730025
華江段三小段,04730026
華江段三小段,04730027
華江段三小段,04730028
華江段三小段,05680008
華江段三小段,05680009
華江段三小段,05680010
華江段三小段,05680011
華江段三小段,05680019
華江段三小段,05680020
華江段三小段,05680021
華江段三小段,05680022
華江段三小段,05680023
華江段三小段,05680024
華江段三小段,05680025
華江段三小段,05680026
華江段三小段,05680078
華江段三小段,05680079
華江段三小段,05680080
華江段三小段,05680081
華江段三小段,05680082
華江段三小段,05680083
華江段三小段,05680084
萬大段一小段,05200000
萬大段一小段,05200004
萬大段一小段,05200005
萬大段一小段,05200006
萬大段一小段,05200007
萬大段一小段,05200009
萬大段一小段,05200012
萬大段一小段,05200013
萬大段一小段,05960000
萬大段一小段,05960001
萬大段二小段,00890001
萬大段二小段,00900001
萬大段二小段,00900002
萬大段二小段,00900003
萬大段二小段,00910000
萬大段二小段,00920001
萬大段二小段,00920002
萬大段二小段,01140004
萬大段二小段,02060001
萬大段二小段,03140000
直興段一小段,01260000
直興段一小段,01270000
直興段一小段,03730000
直興段一小段,03890001
直興段一小段,05190001
直興段二小段,04860000
直興段二小段,05140000
直興段二小段,05200000
直興段二小段,05480000
直興段二小段,05580000
直興段二小段,05750001
萬華段一小段,00590000
萬華段一小段,01160000
萬華段一小段,01260001
萬華段一小段,02100001
萬華段一小段,03800000
萬華段一小段,03800002
萬華段一小段,03860000
萬華段一小段,03860002
萬華段一小段,03990002
萬華段一小段,04120000
萬華段一小段,04140000
萬華段一小段,04210000
萬華段一小段,04660000
萬華段一小段,04820002
萬華段一小段,04890000
萬華段一小段,04940000
萬華段一小段,06280001
萬華段一小段,06280006
萬華段二小段,02750000
萬華段二小段,02760000
萬華段二小段,02790001
萬華段二小段,02800000
萬華段二小段,02830000
萬華段二小段,08490000
漢中段二小段,02430000
漢中段二小段,02500000
漢中段二小段,02790000
漢中段二小段,03420001
漢中段二小段,03420003
漢中段二小段,03430001
漢中段二小段,03440001
漢中段二小段,03440003
漢中段二小段,03440004
漢中段二小段,03470000
漢中段二小段,03470001
漢中段二小段,05570001
漢中段三小段,00480000
漢中段三小段,00510000
漢中段三小段,00600000
漢中段三小段,00610000
漢中段三小段,00910000
漢中段三小段,01300000
漢中段三小段,01440000
漢中段三小段,01520005
漢中段三小段,02240000
漢中段三小段,02250000
漢中段三小段,06670000
漢中段三小段,09220000
漢中段三小段,09220002
漢中段三小段,09220004
漢中段三小段,09470000
龍山段一小段,03570001
龍山段一小段,06630002
龍山段一小段,06650001
龍山段一小段,06840002
龍山段一小段,06840003
龍山段一小段,06840004
龍山段一小段,06840005
龍山段一小段,07460001
龍山段一小段,07460002
龍山段一小段,07980004
龍山段一小段,08490001
龍山段一小段,08500000
龍山段一小段,08500001
龍山段一小段,08530000
龍山段一小段,08540000
龍山段一小段,08880000
龍山段一小段,09070000
中正段一小段,00660000
中正段一小段,00670000
中正段一小段,00870000
中正段一小段,00890000
中正段一小段,01190001
中正段一小段,01210000
中正段一小段,01230000
中正段一小段,01250000
中正段一小段,01250001
中正段一小段,01260000
中正段一小段,01260001
中正段一小段,01290000
中正段一小段,03980002
中正段一小段,04000001
中正段一小段,04060002
中正段一小段,04070002
中正段一小段,04070003
中正段一小段,04460001
中正段二小段,00530000
中正段二小段,00540000
中正段二小段,00560000
中正段二小段,00590000
中正段二小段,00610000
中正段二小段,00610001
中正段二小段,00740000
中正段二小段,00740001
中正段二小段,03420001
中正段二小段,05500000
中正段二小段,05510000
中正段三小段,00220001
中正段三小段,00220002
中正段三小段,00220006
中正段三小段,00240000
中正段三小段,00240003
中正段三小段,00240006
中正段三小段,00240012
中正段三小段,00240014
臨沂段一小段,02590000
臨沂段一小段,04770001
臨沂段一小段,04880006
臨沂段一小段,04880007
臨沂段一小段,04880008
臨沂段一小段,04880009
臨沂段一小段,04880010
臨沂段一小段,04880013
臨沂段一小段,04880015
臨沂段一小段,04880016
臨沂段一小段,04880017
臨沂段一小段,04880018
臨沂段一小段,04880021
臨沂段一小段,04880022
臨沂段一小段,04890001
臨沂段一小段,04890002
臨沂段一小段,04910000
臨沂段一小段,04920000
臨沂段一小段,04930000
臨沂段一小段,04930007
臨沂段一小段,04940000
臨沂段一小段,04940002
臨沂段一小段,04940009
臨沂段一小段,04950001
臨沂段一小段,04950003
臨沂段二小段,00860001
臨沂段二小段,00860002
臨沂段二小段,02380001
臨沂段二小段,02450000
臨沂段二小段,03630000
臨沂段二小段,03630002
臨沂段二小段,03910000
臨沂段二小段,03910005
臨沂段三小段,04740005
臨沂段四小段,03460000
臨沂段四小段,03470000
公園段一小段,00010010
公園段一小段,00010023
公園段一小段,00010025
公園段一小段,00010026
公園段一小段,00010060
公園段一小段,00010061
公園段一小段,00010064
公園段一小段,00010066
公園段一小段,00010068
公園段一小段,00740000
公園段一小段,00840002
公園段一小段,01080001
公園段一小段,01080003
公園段一小段,01230000
公園段一小段,01240000
公園段一小段,01280003
公園段二小段,04880000
城中段二小段,00780000
城中段二小段,01100002
城中段二小段,01100009
城中段二小段,01110000
城中段二小段,01530000
城中段二小段,01980000
城中段二小段,03960001
城中段二小段,04030002
城中段二小段,05070000
城中段三小段,01180000
南海段四小段,07330003
南海段四小段,07330004
福星段二小段,01050000
福星段二小段,01080000
福星段二小段,01170000
福星段二小段,01240000
福星段二小段,02330000
福星段二小段,02350001
福星段二小段,02350004
福星段二小段,02350005
福星段二小段,02350008
福星段二小段,02350009
福星段二小段,02350011
福星段二小段,02400000
福星段二小段,02410000
福星段二小段,02490000
福星段二小段,02500000
福星段二小段,02600000
福星段二小段,02620000
福星段二小段,02640000
福星段二小段,02740000
福星段二小段,03050000
福星段二小段,05830001
福星段二小段,05920000
福星段二小段,05940000
福星段二小段,05960002
福星段二小段,06020000
福星段三小段,00790002
福星段三小段,01080000
福星段三小段,01250000
福星段三小段,01260001
福星段三小段,01270000
福星段三小段,01270001
福星段三小段,01270002
福星段三小段,01400000
福星段三小段,01400001
福星段三小段,01400002
福星段三小段,01400005
福星段三小段,01400006
福星段三小段,02810001
福星段四小段,02540000
福星段四小段,03730000
福星段四小段,04910000
福星段四小段,05090000
福星段四小段,05170000
圓環段一小段,00430000
圓環段一小段,04920000
圓環段一小段,05010000
圓環段一小段,05090000
圓環段二小段,00300000
圓環段二小段,04120000
圓環段二小段,04240001
圓環段二小段,04240002
圓環段二小段,04250001
圓環段二小段,04250002
圓環段二小段,04250003
圓環段二小段,04250004
圓環段二小段,04290000
圓環段二小段,04300001
圓環段二小段,04310000
圓環段二小段,04410000
圓環段二小段,04490000
圓環段二小段,04540001
圓環段三小段,03710000
圓環段三小段,03710001
圓環段三小段,03780000
圓環段三小段,04130000
圓環段三小段,04300000
圓環段三小段,04310000
圓環段三小段,04440001
圓環段三小段,04900002
圓環段三小段,04900004
市府段一小段,02170002
市府段一小段,02170003
市府段一小段,02170004
市府段一小段,02170007
市府段一小段,02170008
市府段一小段,02350001
市府段一小段,02400000
市府段一小段,02430000
市府段一小段,02640000
市府段一小段,02650000
市府段一小段,02750000
市府段一小段,02810000
市府段一小段,02880002
市府段一小段,02880004
市府段一小段,03160000
市府段一小段,03640000
市府段一小段,03680001
市府段一小段,04610003
市府段一小段,05470000
市府段一小段,07640000
市府段一小段,07640002
市府段一小段,07640005
市府段一小段,07640006
市府段一小段,07640007
市府段一小段,07640010
市府段一小段,07640011
市府段一小段,07640012
市府段一小段,07640013
市府段一小段,07640014
市府段一小段,07820000
市府段一小段,07900000
市府段一小段,07900003
市府段一小段,07910001
市府段一小段,07940001
市府段一小段,07950001
市府段一小段,07960002
市府段一小段,07960003
市府段一小段,08180002
市府段一小段,08480000
市府段一小段,08720000
市府段一小段,08730000
市府段一小段,08900003
市府段一小段,08900004
市府段一小段,09040004
市府段二小段,01180000
市府段二小段,01180003
市府段二小段,03970004
市府段二小段,05010002
市府段二小段,05160001
市府段二小段,05170000
市府段二小段,05180000
市府段二小段,05320000
市府段二小段,05510005
市府段二小段,05510006
市府段二小段,06850000
市府段二小段,07260000
市府段二小段,07470000
市府段二小段,07490000
市府段三小段,00010002
市府段三小段,00010004
市府段三小段,00010005
市府段三小段,00010006
市府段三小段,00010007
市府段三小段,00010008
市府段三小段,00770002
市府段三小段,01830003
市府段三小段,01830004
市府段三小段,02760000
市府段三小段,02760002
市府段三小段,02970000
市府段三小段,02980003
市府段三小段,03560000
市府段三小段,03570000
市府段三小段,05020000
市府段三小段,05430000
市府段三小段,05460000
市府段三小段,05910000
市府段三小段,05940000
市府段三小段,06080000
市府段三小段,06120000
市府段三小段,06380000
市府段三小段,06510000
市府段三小段,06600000
市府段三小段,06720000
市府段三小段,06780007
市府段三小段,07130000
延平段一小段,03850002
延平段一小段,06250000
延平段三小段,03950001
延平段三小段,07650000
延平段三小段,07650005
延平段三小段,07650006
延平段三小段,07660001
玉泉段一小段,05600002
玉泉段一小段,07200000
玉泉段一小段,07200002
玉泉段一小段,07200003
玉泉段一小段,07200005
玉泉段一小段,07240006
玉泉段一小段,07780001
玉泉段一小段,08390001
玉泉段一小段,08710001
玉泉段一小段,09080003
玉泉段一小段,09080010
玉泉段一小段,09100002
玉泉段一小段,09100003
玉泉段一小段,09160002
玉泉段一小段,09160003
玉泉段一小段,09160004
玉泉段一小段,09160005
玉泉段一小段,09520000
玉泉段一小段,09810001
玉泉段一小段,10090000
玉泉段二小段,00750004
玉泉段二小段,03630001
玉泉段二小段,03630003
玉泉段二小段,03630004
玉泉段二小段,03630005
玉泉段二小段,03630006
玉泉段二小段,03630007
玉泉段二小段,03630008
玉泉段二小段,03630009
玉泉段二小段,03630017
玉泉段二小段,03630018
玉泉段二小段,03630019
玉泉段二小段,03630020
玉泉段二小段,03630021
玉泉段二小段,03630022
玉泉段二小段,03630023
玉泉段二小段,03630024
玉泉段二小段,03630025
玉泉段二小段,03630026
玉泉段二小段,04520002
玉泉段二小段,04520003
玉泉段二小段,04840001
迪化段一小段,03210001
迪化段一小段,03620003
迪化段一小段,04160010
迪化段三小段,03430004
迪化段三小段,05510004
大龍段一小段,03180001
大龍段一小段,04850001
大龍段一小段,05140001
大龍段一小段,05220001
大龍段一小段,05510003
大龍段二小段,00180001
大龍段二小段,00190000
大龍段二小段,00190002
大龍段二小段,00210006
大龍段二小段,00210009
大龍段二小段,00570000
大龍段二小段,00790000
大龍段二小段,00810000
大龍段二小段,00870000
大龍段二小段,01340000
大龍段二小段,01340001
大龍段二小段,01340002
大龍段二小段,01550001
大龍段二小段,01550002
大龍段二小段,01930000
大龍段二小段,01940000
大龍段二小段,01950000
大龍段二小段,01960000
大龍段二小段,01960001
大龍段二小段,01960002
大龍段二小段,02140000
大龍段二小段,02220006
大龍段二小段,02220010
大龍段二小段,06200002
大龍段二小段,06410000
大龍段二小段,06620002
大龍段二小段,06630001
大龍段二小段,07680000
大龍段二小段,07710000
大龍段二小段,07860000
大龍段二小段,07970000
大龍段二小段,07970001
大龍段二小段,07970002
大龍段三小段,03780003
橋北段一小段,02700001
橋北段一小段,02770001
橋北段一小段,04890000
橋北段一小段,05030000
橋北段一小段,05870001
橋北段一小段,06220001
橋北段二小段,02810000
橋北段二小段,02830000
橋北段二小段,02850001
橋北段二小段,02880000
橋北段二小段,02890000
橋北段二小段,02920000
橋北段二小段,02950000
橋北段二小段,03000001
橋北段二小段,05010003
橋北段二小段,06340000
橋北段三小段,00320000
橋北段三小段,00320002
橋北段三小段,00660001
橋北段三小段,00810000
橋北段三小段,01010000
橋北段三小段,01390001
橋北段三小段,01500001
橋北段三小段,02100006
橋北段三小段,02100007
橋北段三小段,02170001
橋北段三小段,02170002
橋北段三小段,03100005
橋北段三小段,03340003
橋北段三小段,03340004
橋北段三小段,03340005
橋北段三小段,03340006
橋北段三小段,03340007
橋北段三小段,03340009
橋北段三小段,03460004
橋北段三小段,04420000
橋北段三小段,04420003
橋北段三小段,04480000
橋北段三小段,04890001
橋北段三小段,04890003
橋北段三小段,04920001
橋北段三小段,04940005
橋北段三小段,05220001
橋北段三小段,05220003
橋北段三小段,05610001
橋北段三小段,05980001
橋北段三小段,05980004
橋北段三小段,06000001
橋北段三小段,06400001
橋北段三小段,06480004
橋北段三小段,07010001
橋北段三小段,07150000
橋北段三小段,07170001
橋北段三小段,07180001
橋北段三小段,07530003
橋北段三小段,08000001
橋北段三小段,08040000
橋北段三小段,08200004
橋北段三小段,08200005
橋北段三小段,08260001
橋北段三小段,08260004
橋北段三小段,08260005
橋北段三小段,08260006
橋北段三小段,08590003
橋北段三小段,08790002
橋北段三小段,08790003
橋北段三小段,08790004
大同段一小段,04650002
大同段一小段,04650005
大同段一小段,04780008
大同段一小段,04780009
大同段一小段,04780011
大同段二小段,02060000
大同段二小段,02060001
大同段二小段,02060002
大同段二小段,02190000
大同段二小段,02250000
大同段二小段,02280000
大同段二小段,02350000
大同段二小段,02350002
大同段二小段,02360000
大同段二小段,02380000
大同段二小段,02510001
大同段二小段,03840000
大同段二小段,04080001
文昌段二小段,01380001
文昌段二小段,02840000
文昌段二小段,02850000
文昌段二小段,02970000
文昌段二小段,02980000
文昌段二小段,03410000
文昌段二小段,03440000
文昌段二小段,03500002
文昌段二小段,03590000
文昌段二小段,06140000
文昌段二小段,06750006
文昌段二小段,06750012
文昌段二小段,06750013
文昌段二小段,06750014
文昌段二小段,06750015
文昌段二小段,06750016
文昌段二小段,06750017
文昌段二小段,06750018
文昌段二小段,06750020
文昌段二小段,06750022
文昌段二小段,06750024
文昌段二小段,06750025
文昌段二小段,06750026
文昌段二小段,06750027
文昌段二小段,06750028
文昌段二小段,06750029
文昌段二小段,06750030
文昌段二小段,06750031
文昌段二小段,06750032
文昌段二小段,06810000
文昌段二小段,09400000
文昌段二小段,09410000
文昌段二小段,09420000
文昌段二小段,09420002
雙連段一小段,04160001
雙連段一小段,04160004
雙連段一小段,04160007
雙連段一小段,04160012
雙連段一小段,04160015
雙連段一小段,04160016
雙連段一小段,04160017
雙連段一小段,04160018
雙連段一小段,04160019
雙連段一小段,04160021
雙連段一小段,04160022
雙連段一小段,04160028
雙連段一小段,04160029
雙連段二小段,03740002
雙連段二小段,03740003
雙連段二小段,04600002
雙連段二小段,04600003
雙連段二小段,04600004
雙連段二小段,06330002
雙連段二小段,06330003
雙連段二小段,06560000
雙連段三小段,01160000
雙連段三小段,01640003
雙連段三小段,01640004
雙連段三小段,01640005
雙連段三小段,01640007
雙連段三小段,01640008
雙連段三小段,01640013
雙連段三小段,01640014
雙連段三小段,01640015
雙連段三小段,01640016
雙連段三小段,01640017
雙連段三小段,01680010
雙連段三小段,03550001
雙連段三小段,07330000
雙連段三小段,07360000
雙連段二小段,06330005
中山段一小段,05130000
中山段三小段,00550000
中山段三小段,04330002
中山段三小段,04330004
中山段三小段,04470000
中山段三小段,04490000
中山段三小段,04490001
中山段三小段,04490002
中山段三小段,05080003
中山段三小段,05110000
中山段三小段,05260003
中山段三小段,06210000
中山段三小段,06300000
中山段三小段,06340001
中山段三小段,06350000
中山段三小段,06350009
中山段三小段,06350012
中山段三小段,06350013
中山段三小段,06350015
中山段三小段,06350021
中山段三小段,06350022
中山段三小段,06350023
中山段三小段,06350024
中山段三小段,06350025
中山段三小段,08120002
中山段四小段,04970000
中山段四小段,04980000
中山段四小段,04990000
中山段四小段,05010000
北安段一小段,00150075
北安段一小段,00150081
北安段二小段,07200005
北安段二小段,07200014
北安段二小段,07320000
北安段二小段,07330000
北安段二小段,07330004
北安段二小段,07330005
北安段三小段,00490000
北安段三小段,02020000
北安段三小段,02030000
北安段三小段,08180000
北安段三小段,08190000
北安段三小段,08220000
北安段三小段,08230000
北安段三小段,08320000
北安段三小段,08320001
北安段三小段,08320002
北安段三小段,08320003
北安段三小段,08330007
北安段三小段,08330008
北安段三小段,08330009
北安段三小段,08330010
正義段一小段,05600002
正義段一小段,05600004
正義段一小段,07750000
正義段一小段,07960001
正義段一小段,07960002
正義段一小段,07960004
正義段一小段,07960005
正義段一小段,07960008
正義段一小段,07960009
正義段四小段,00300002
正義段四小段,01090000
正義段四小段,01110000
正義段四小段,01110001
正義段四小段,01150000
正義段四小段,01150003
正義段四小段,01150004
正義段四小段,01700000
正義段四小段,01900001
正義段四小段,02300000
正義段四小段,02330000
正義段四小段,02350000
正義段四小段,04620000
正義段四小段,04880000
正義段四小段,04880001
正義段四小段,05060000
正義段四小段,05070000
正義段四小段,05070003
正義段四小段,05150001
正義段四小段,05160000
正義段四小段,05340000
正義段四小段,05350000
正義段四小段,05360000
正義段四小段,05440000
正義段四小段,05460000
正義段四小段,05490003
正義段四小段,05530002
吉林段三小段,09200003
吉林段三小段,09200005
吉林段三小段,09330000
吉林段三小段,09340000
吉林段三小段,09540000
吉林段三小段,09540002
吉林段三小段,09820000
吉林段三小段,09820005
吉林段四小段,00950001
吉林段四小段,00970000
吉林段四小段,00970004
德惠段二小段,05740000
德惠段二小段,05770000
德惠段二小段,05770002
德惠段二小段,05800000
德惠段二小段,05800003
德惠段二小段,05800005
德惠段二小段,05820000
德惠段二小段,05820003
德惠段二小段,05820005
吉林段四小段,06380001
吉林段四小段,07070003
吉林段四小段,07070004
長安段二小段,01850002
長安段二小段,01850003
長安段二小段,01850004
長安段二小段,01850005
長安段二小段,01850006
長安段二小段,01850007
長安段二小段,01850008
長安段二小段,01890004
長安段二小段,01890005
長安段二小段,02980000
長安段二小段,03050000
長安段二小段,03110000
長安段二小段,03140000
長安段二小段,03140010
長安段二小段,03140015
長安段二小段,03140018
長安段二小段,03140019
長安段二小段,03140022
長安段二小段,03140023
長安段二小段,03140027
長安段二小段,03140036
長安段二小段,03140037
長安段二小段,03140038
長安段二小段,03140039
長安段二小段,03170000
長安段二小段,03190000
長安段二小段,03210000
長安段二小段,03230000
長安段二小段,03240000
長安段二小段,03250000
長安段二小段,03280006
長安段二小段,03300000
長安段二小段,03310000
長安段二小段,03330000
長安段二小段,04900000
長安段二小段,05750003
長安段二小段,05750004
長安段二小段,05750005
長安段二小段,05750006
長安段二小段,05750009
長安段二小段,06450000
長安段二小段,06460000
長安段二小段,06470000
長安段二小段,06960010
長安段三小段,07290000
長安段三小段,07300000
長安段三小段,07310000
長安段三小段,07320000
長安段四小段,05250000
長安段四小段,05260000
長安段四小段,05270000
長安段四小段,05280000
長春段一小段,00120003
長春段一小段,00140001
長春段一小段,00210000
長春段一小段,00220001
長春段一小段,00240000
長春段一小段,00240001
長春段一小段,00250000
長春段一小段,00260002
長春段一小段,00260005
長春段一小段,00340000
長春段一小段,00340001
長春段一小段,00350000
長春段一小段,00350001
長春段一小段,00370000
長春段一小段,01720006
長春段一小段,01770001
長春段一小段,02750001
長春段一小段,02780000
長春段一小段,02780001
長春段一小段,02790000
長春段一小段,02800000
長春段一小段,02810000
長春段一小段,02820000
長春段一小段,02830000
長春段一小段,02840000
長春段一小段,02850001
長春段一小段,02890000
長春段一小段,02920000
長春段一小段,02930000
長春段一小段,02970000
長春段一小段,02970001
長春段一小段,02970002
長春段一小段,02970003
長春段一小段,02990000
長春段一小段,03030000
長春段一小段,03040000
長春段一小段,03080000
長春段一小段,03110001
長春段一小段,03140000
長春段一小段,03230001
長春段一小段,05000000
長春段一小段,05010000
長春段一小段,05030000
長春段一小段,05110000
長春段一小段,05130000
長春段一小段,05140000
長春段一小段,05210000
長春段一小段,05230000
長春段一小段,05260000
長春段一小段,05260002
長春段一小段,05270000
長春段一小段,05280000
長春段一小段,05310000
長春段一小段,05320000
長春段一小段,05330000
長春段一小段,05340000
長春段二小段,00530002
長春段二小段,01270032
長春段二小段,01290000
長春段二小段,01290017
長春段二小段,01290018
長春段二小段,01290019
長春段二小段,01290020
長春段二小段,01290021
長春段二小段,01290022
長春段二小段,01290024
長春段二小段,01300000
長春段二小段,01360000
長春段二小段,01410001
長春段二小段,01430000
長春段二小段,01480001
長春段二小段,01530000
長春段二小段,01690000
長春段二小段,01850000
長春段二小段,01870000
長春段二小段,02950000
長春段二小段,02950004
長春段二小段,04130001
長春段二小段,04190000
長春段二小段,04190002
長春段二小段,04830000
長春段二小段,04830001
長春段二小段,05590009
長春段二小段,05590009
長春段二小段,05850001
長春段二小段,05880001
長春段二小段,05880002
長春段二小段,05960000
長春段二小段,05970000
長春段二小段,05990000
長春段二小段,05990001
長春段二小段,06250001
長春段二小段,06250003
長春段二小段,06300000
長春段二小段,06340007
長春段二小段,06340012
長春段二小段,06340014
長春段二小段,07470000
長春段二小段,07500000
長春段二小段,07500001
長春段二小段,07510000
長春段二小段,07510001
長春段二小段,07530000
長春段二小段,07580000
長春段二小段,07590002
長春段二小段,07610000
長春段二小段,07630003
長春段二小段,07640000
長春段二小段,08050000
長春段二小段,08070000
長春段二小段,08140000
長春段二小段,08820000
長春段二小段,08820001
長春段二小段,09030001
長春段二小段,09080000
長春段三小段,02820000
長春段三小段,02850000
長春段三小段,02850001
榮星段三小段,00050000
榮星段三小段,00050002
榮星段三小段,00050004
榮星段三小段,00050005
榮星段三小段,00080000
榮星段三小段,01790001
榮星段三小段,01790004
榮星段三小段,03400001
榮星段三小段,05630004
榮星段三小段,05630009
榮星段三小段,05630010
榮星段三小段,05630013
榮星段三小段,05630017
榮星段三小段,05790001
文德段一小段,00860000
文德段一小段,02590003
文德段一小段,02670000
文德段一小段,02680000
文德段一小段,02690000
文德段一小段,02870019
文德段一小段,02870020
文德段一小段,02870021
文德段一小段,03030001
文德段二小段,02310003
文德段二小段,02310006
文德段二小段,04800000
文德段二小段,04810000
文德段二小段,05800000
文德段二小段,05850020
西湖段一小段,03650000
西湖段一小段,03670000
康寧段二小段,02370002
康寧段三小段,02380001
康寧段三小段,02390001
康寧段三小段,04300048
康寧段三小段,04660001
康寧段三小段,04660002
康寧段三小段,04690000
康寧段三小段,04700001
康寧段三小段,04700003
康寧段三小段,04700005
康寧段三小段,04700006
康寧段三小段,04710000
康寧段三小段,04710001
康寧段三小段,04720000
康寧段三小段,04730002
康寧段三小段,04750005
康寧段三小段,04830005
康寧段三小段,04840002
康寧段三小段,04840003
康寧段三小段,04850000
康寧段三小段,04850004
康寧段三小段,04850006
康寧段三小段,04850007
康寧段三小段,04850012
康寧段三小段,04870001
康寧段三小段,04870002
康寧段三小段,04880001
康寧段三小段,04880002
康寧段三小段,04880003
康寧段三小段,04880004
康寧段三小段,05490005
康寧段三小段,06270000
康寧段三小段,06690000
康寧段三小段,06690001
康寧段三小段,06690002
康寧段三小段,06690003
康寧段三小段,06690004
康寧段三小段,06690005
康寧段三小段,06690006
康寧段三小段,06690007
康寧段三小段,06690008
康寧段四小段,00110000
康寧段四小段,00150000
康寧段四小段,00160000
康寧段四小段,00170000
康寧段四小段,00170001
康寧段四小段,00290000
康寧段四小段,00290001
碧湖段二小段,00550000
碧湖段二小段,08880011
碧湖段四小段,04160001
碧湖段四小段,04230000
潭美段三小段,09400000
潭美段四小段,00470000
潭美段四小段,00480000
潭美段四小段,00600000
潭美段四小段,00930000
潭美段四小段,01050000
潭美段四小段,01060000
潭美段四小段,01120000
潭美段四小段,01270000
潭美段四小段,01750000
潭美段四小段,03420000
潭美段四小段,03420003
潭美段四小段,06250007
東湖段七小段,04100000
東湖段七小段,04100001
東湖段七小段,04100002
東湖段七小段,04100003
東湖段七小段,04100004
石潭段三小段,04570000
石潭段三小段,04710000
石潭段三小段,04950000
石潭段三小段,05370000
石潭段三小段,05370002
石潭段三小段,05370003
石潭段三小段,05480001
石潭段三小段,05480003
石潭段三小段,06590000
西松段一小段,00230000
西松段一小段,02800000
美仁段二小段,06990000
美仁段二小段,06990001
美仁段二小段,06990002
美仁段二小段,07020000
美仁段二小段,07050000
美仁段二小段,07070000
美仁段二小段,07100000
美仁段二小段,07100001
美仁段二小段,07190003
美仁段二小段,07190005
美仁段二小段,07190006
美仁段二小段,07190007
美仁段二小段,07360001
美仁段二小段,08310002
寶清段一小段,00500000
寶清段一小段,00500003
寶清段一小段,00500004
寶清段一小段,00500005
寶清段一小段,00510004
寶清段一小段,00510006
寶清段一小段,00510009
寶清段一小段,00510023
寶清段一小段,00510024
寶清段一小段,00510033
寶清段一小段,00510040
寶清段一小段,00510042
寶清段一小段,00510044
寶清段一小段,00510045
寶清段一小段,00510048
寶清段一小段,00510050
寶清段一小段,00510055
寶清段一小段,00510063
寶清段一小段,00510064
寶清段一小段,00510066
寶清段一小段,00510069
寶清段一小段,00510072
寶清段一小段,00510075
寶清段一小段,00510079
寶清段一小段,00510081
寶清段一小段,00510082
寶清段一小段,00510083
寶清段一小段,00510084
寶清段一小段,00530000
寶清段一小段,00530018
寶清段一小段,00530019
寶清段二小段,01680000
寶清段二小段,02050016
寶清段二小段,02380009
寶清段二小段,02380014
寶清段三小段,05520000
寶清段三小段,05520001
延吉段一小段,00850000
延吉段一小段,00860000
延吉段一小段,00860001
延吉段一小段,00860002
延吉段一小段,00860003
延吉段一小段,00860004
延吉段一小段,00860005
延吉段一小段,00860006
延吉段一小段,00860007
延吉段一小段,00860008
延吉段一小段,00860009
延吉段一小段,00860010
延吉段一小段,00860011
延吉段一小段,00860012
延吉段一小段,00860013
延吉段一小段,00860014
延吉段一小段,00870000
延吉段一小段,00940000
延吉段一小段,00950000
延吉段一小段,00960000
延吉段一小段,00960003
延吉段一小段,00960004
延吉段一小段,00960006
延吉段一小段,01160000
延吉段一小段,01170000
延吉段一小段,01190000
延吉段一小段,01200000
延吉段一小段,01210001
延吉段一小段,01220001
延吉段一小段,01240000
延吉段一小段,01270000
延吉段一小段,01290000
延吉段三小段,02530006
敦化段一小段,00490000
敦化段一小段,02590000
敦化段一小段,02590002
敦化段一小段,02590004
敦化段一小段,02590005
敦化段一小段,02590006
敦化段一小段,02590015
敦化段一小段,02590016
敦化段一小段,02590017
敦化段一小段,02590018
敦化段一小段,02590019
敦化段一小段,02920000
敦化段一小段,02920002
敦化段一小段,02920004
敦化段一小段,02920009
敦化段一小段,02920010
敦化段二小段,04730007
敦化段三小段,05250000
敦化段三小段,05880002
民生段,01340006
民生段,01340007
民生段,01340008
民生段,01400001
民生段,01400002
西松段三小段,03300000
西松段三小段,03380000
西松段三小段,03470000
西松段三小段,03540000
西松段三小段,03550001
西松段三小段,04250000
西松段三小段,04490001
西松段三小段,04730000
西松段三小段,04740000
西松段三小段,04820000
西松段三小段,05400000
西松段三小段,05430000
西松段三小段,05550002
西松段三小段,05560000
敦化段四小段,03130001
敦化段四小段,03150000
敦化段四小段,03220001
敦化段四小段,03220003
敦化段四小段,03220004
敦化段四小段,03220005
敦化段四小段,03220006
敦化段四小段,03220007
敦化段四小段,03220008
敦化段四小段,03220009
敦化段四小段,03220010
敦化段四小段,03220011
敦化段四小段,03220012
敦化段四小段,03220013
敦化段四小段,03220014
敦化段四小段,03240000
敦化段四小段,03240002
敦化段四小段,03240003
敦化段四小段,03240004
敦化段四小段,03240005
敦化段四小段,03240006
敦化段四小段,03240007
敦化段四小段,03240008
敦化段四小段,03240009
敦化段四小段,03240010
敦化段四小段,03240011
敦化段四小段,03240012
敦化段四小段,03240013
敦化段四小段,03240014
敦化段四小段,03240015
敦化段四小段,03240016
敦化段四小段,03240017
敦化段四小段,03240018
敦化段四小段,03240019
敦化段四小段,03240020
敦化段四小段,03240021
敦化段四小段,03240022
敦化段四小段,03240023
敦化段四小段,03240024
敦化段四小段,03240025
敦化段四小段,03240026
敦化段四小段,03240027
敦化段四小段,03240028
敦化段四小段,03240029
敦化段四小段,03240030
敦化段四小段,03240031
敦化段四小段,03240032
敦化段四小段,03240033
敦化段四小段,03240034
敦化段四小段,03240035
敦化段四小段,03240036
敦化段四小段,03240037
敦化段四小段,03240038
敦化段四小段,03240039
敦化段四小段,03240040
敦化段四小段,03250001
敦化段四小段,03250002
敦化段四小段,03250003
敦化段四小段,03250004
敦化段四小段,03250005
敦化段四小段,03250006
敦化段四小段,03250007
敦化段四小段,03250008
敦化段四小段,03250009
敦化段四小段,03250010
敦化段四小段,03250011
敦化段四小段,03250012
敦化段四小段,03250013
敦化段四小段,03250014
敦化段四小段,03250015
敦化段四小段,03250016
敦化段四小段,03250018
敦化段四小段,03250019
敦化段四小段,03250020
敦化段四小段,03630001
敦化段四小段,03630002
敦化段四小段,03710002
敦化段四小段,03710005
敦化段四小段,03720000
逸仙段二小段,00790002
逸仙段二小段,01680001
逸仙段三小段,00350000
三興段一小段,05270000
三興段一小段,07040000
三興段一小段,10760000
三興段一小段,11240000
三興段二小段,03170000
三興段二小段,04280008
三興段二小段,04280023
三興段二小段,04280033
三興段二小段,04280035
三興段二小段,04280036
三興段二小段,04280039
三興段二小段,04280040
三興段二小段,04280041
三興段二小段,04280042
三興段二小段,04280043
三興段二小段,04280044
三興段二小段,04280046
三興段二小段,04280061
三興段二小段,04280064
三興段二小段,04280067
三興段二小段,04280103
三興段二小段,04280109
三興段二小段,04290000
三興段二小段,05580000
三興段三小段,01590000
三興段三小段,02250000
三興段三小段,05820000
三興段三小段,05830000
三興段三小段,05830001
三興段三小段,05860000
三興段三小段,05860001
永春段三小段,01850001
永春段三小段,01850012
永春段三小段,01850013
永春段三小段,01850015
永春段三小段,01850016
永春段三小段,01850017
永春段三小段,01850019
永春段三小段,01850020
永春段三小段,01850021
永春段三小段,01850022
永春段三小段,01850023
永春段三小段,01850024
永春段三小段,01850025
永春段三小段,01850026
永春段三小段,01850028
永春段三小段,01850031
永春段三小段,01850035
永春段三小段,01850037
永春段三小段,01850038
永春段三小段,01850039
永春段三小段,01850040
永春段三小段,01850041
永春段三小段,01850042
永春段三小段,01850043
永春段三小段,01850044
永春段三小段,01850045
永春段三小段,01850047
永春段三小段,01850048
永春段三小段,01850049
永春段三小段,01850050
永春段三小段,01850052
永春段三小段,01850053
永春段三小段,01850054
永春段三小段,01850055
永春段三小段,01850056
永春段三小段,01850057
永春段三小段,01850059
永春段三小段,01850060
永春段三小段,01850061
永春段三小段,01850062
永春段三小段,01850063
永春段三小段,01850064
永春段三小段,01850065
永春段三小段,01850066
永春段三小段,01850067
永春段三小段,01850068
永春段三小段,01850071
永春段三小段,01850089
永春段三小段,01850091
永春段三小段,01850093
永春段三小段,01850094
永春段三小段,01850095
永春段三小段,01850096
永春段三小段,01850099
永春段三小段,01850100
永春段三小段,01850103
永吉段一小段,03010029
永吉段一小段,03010047
永吉段一小段,03010064
永吉段一小段,03010071
永吉段一小段,03010072
永吉段一小段,03010081
永吉段一小段,03040001
永吉段一小段,03040002
永吉段一小段,03050003
永吉段一小段,03050005
永吉段一小段,03130007
永吉段一小段,03130013
永吉段一小段,03130023
永吉段一小段,03130034
永吉段一小段,03210009
永吉段一小段,03350000
永吉段一小段,04970000
永吉段一小段,04970001
永吉段三小段,03090001
永吉段三小段,04150002
永吉段三小段,08660000
永吉段三小段,08660013
永吉段三小段,08670001
永吉段三小段,08670002
永吉段三小段,08670006
永吉段三小段,08690003
永吉段三小段,08690004
永吉段三小段,08690007
永吉段三小段,08690008
永吉段三小段,08720000
永吉段三小段,08720003
永吉段三小段,08720005
永吉段三小段,08720006
永吉段三小段,08720007
永吉段三小段,08750000
永吉段三小段,08750002
永吉段三小段,08750005
永吉段三小段,08750006
永吉段三小段,08750007
永吉段三小段,08750008
永吉段三小段,08750009
永吉段三小段,08750010
永吉段四小段,00410000
永吉段四小段,00410019
永吉段四小段,01300000
虎林段一小段,05860000
虎林段一小段,07070002
虎林段一小段,07070007
虎林段一小段,07070013
虎林段一小段,07070017
虎林段一小段,07070034
虎林段一小段,07070039
虎林段一小段,07070050
虎林段一小段,07070067
虎林段一小段,07070071
虎林段一小段,07070076
虎林段一小段,07070081
虎林段四小段,00550007
虎林段四小段,00550012
虎林段四小段,00710000
虎林段四小段,00710003
虎林段四小段,00710011
虎林段四小段,00710015
虎林段四小段,00710017
虎林段四小段,00790000
虎林段四小段,00830000
虎林段四小段,00830008
虎林段四小段,00830010
虎林段四小段,00830011
虎林段四小段,00930012
虎林段四小段,00930023
虎林段四小段,04250000
虎林段四小段,04260000
吳興段一小段,03810001
吳興段一小段,04480000
吳興段二小段,08710013
吳興段二小段,08710014
吳興段三小段,05980003
信義段一小段,00990000
信義段一小段,00990001
祥和段二小段,01020000
祥和段三小段,00180001
祥和段三小段,00180008
祥和段三小段,00180009
祥和段三小段,00180011
祥和段三小段,04860004
祥和段四小段,00780000
祥和段四小段,00790000
祥和段四小段,02150000
祥和段四小段,02500000
雅祥段一小段,01330000
雅祥段一小段,01350000
雅祥段一小段,01410000
雅祥段一小段,01640002
雅祥段一小段,01640016
雅祥段一小段,01640017
雅祥段一小段,02280005
雅祥段一小段,02280007
雅祥段一小段,02280021
雅祥段一小段,04580000
雅祥段一小段,04580001
雅祥段一小段,04580002
雅祥段一小段,04650000
雅祥段一小段,04660000
雅祥段一小段,04700000
雅祥段一小段,04700001
雅祥段一小段,04980001
雅祥段一小段,05000000
雅祥段一小段,05000002
雅祥段一小段,05960000
雅祥段一小段,05960002
雅祥段一小段,05960003
雅祥段一小段,05980000
雅祥段一小段,05980002
雅祥段一小段,06180002
雅祥段二小段,00090014
雅祥段二小段,04690002
雅祥段四小段,07730000
中南段一小段,00620002
中南段一小段,00740000
中南段一小段,01110000
中南段一小段,01470001
中南段一小段,01580000
中南段一小段,01600000
中南段一小段,01630000
中南段一小段,01650002
中南段一小段,01650004
中南段一小段,01650005
中南段一小段,01650006
中南段一小段,01650007
中南段一小段,01900000
中南段一小段,01900002
中南段一小段,01990000
中南段一小段,01990001
中南段一小段,03030001
玉成段二小段,00870002
玉成段二小段,01200000
玉成段二小段,01200002
玉成段二小段,01600001
玉成段二小段,01610000
玉成段二小段,01620002
玉成段二小段,01630000
玉成段三小段,01400000
玉成段三小段,01420004
玉成段三小段,01420005
玉成段三小段,01420006
玉成段三小段,01420007
玉成段三小段,01420008
玉成段三小段,01420009
玉成段三小段,01420010
玉成段三小段,01420011
玉成段三小段,01940001
玉成段三小段,01950001
玉成段三小段,01960001
玉成段三小段,01970001
玉成段三小段,01990001
玉成段三小段,02000001
玉成段三小段,02030001
玉成段三小段,02040001
玉成段三小段,02310002
玉成段三小段,03180000
玉成段三小段,03180003
玉成段三小段,03680001
玉成段三小段,03770003
玉成段三小段,03770004
玉成段三小段,03880000
玉成段三小段,04690003
玉成段三小段,07250006
南港段一小段,00200001
南港段一小段,00200011
南港段一小段,00200012
南港段一小段,00200013
南港段一小段,01440000
南港段一小段,06020000
南港段一小段,07100000
南港段一小段,07100003
南港段一小段,07100004
南港段一小段,07180002
南港段一小段,07190000
南港段一小段,09700000
南港段一小段,09710000
南港段一小段,09730006
南港段一小段,09730008
南港段二小段,03940001
南港段二小段,03940004
南港段二小段,03940006
南港段二小段,03940008
南港段二小段,03940009
南港段二小段,03940010
南港段二小段,03940011
南港段二小段,03940012
南港段二小段,03940013
南港段二小段,03940019
南港段二小段,03940020
南港段二小段,03940021
南港段二小段,03940022
南港段二小段,04080000
南港段二小段,04480000
南港段二小段,04500000
南港段二小段,04750000
南港段二小段,04860000
南港段二小段,05060000
南港段二小段,05080001
南港段二小段,05280000
南港段二小段,05300000
南港段二小段,05310002
南港段二小段,05320003
南港段二小段,05330001
南港段二小段,05330002
南港段二小段,05340001
南港段二小段,05340002
南港段二小段,05360000
南港段二小段,05360003
南港段二小段,05370001
南港段二小段,05430000
南港段二小段,05530000
南港段二小段,05530003
南港段二小段,05550000
南港段二小段,05550003
南港段二小段,05550004
南港段二小段,05780000
南港段二小段,05780002
南港段二小段,06720004
南港段二小段,06720009
南港段二小段,07240003
南港段二小段,07260002
南港段二小段,07270000
南港段二小段,08600000
南港段二小段,08870000
南港段二小段,08920003
南港段二小段,08980000
南港段二小段,09010000
南港段二小段,09020000
南港段二小段,09030000
南港段三小段,01340000
南港段三小段,01430000
南港段三小段,01460000
南港段三小段,01490000
南港段三小段,01590000
南港段三小段,02540000
南港段三小段,02560003
南港段三小段,02560005
南港段三小段,02560006
南港段三小段,02560007
南港段三小段,02650008
南港段三小段,03190000
南港段三小段,03190004
南港段四小段,02190017
南港段四小段,03110000
南港段四小段,03110001
南港段四小段,03110002
南港段四小段,03760004
南港段四小段,03850004
新光段二小段,00150002
新光段二小段,00150014
新光段二小段,00270011
新光段二小段,01360008
新光段二小段,01370008
天母段一小段,02010001
天母段一小段,02010002
天母段一小段,02860006
天母段四小段,05250000
蘭雅段一小段,00540000
蘭雅段一小段,00550000
蘭雅段一小段,00980000
蘭雅段一小段,01670000
蘭雅段一小段,01670002
百齡段五小段,05440002
光華段一小段,03950000
光華段一小段,04000000
光華段一小段,04480001
光華段一小段,04480004
光華段一小段,05080002
光華段一小段,05910000
光華段二小段,00520033
光華段二小段,02220002
光華段二小段,04160000
光華段二小段,04160002
光華段二小段,04180000
光華段二小段,04180002
光華段二小段,04760002
光華段二小段,04770000
光華段二小段,05420002
光華段二小段,05680000
光華段二小段,07140002
光華段二小段,07140006
光華段二小段,07160002
光華段二小段,07160006
光華段二小段,07160007
光華段二小段,07160008
光華段二小段,07160009
光華段二小段,07160010
光華段二小段,07160011
光華段二小段,07160012
光華段二小段,07160013
光華段二小段,07160014
光華段二小段,07160015
光華段二小段,07160016
光華段二小段,07160017
光華段二小段,07160018
光華段二小段,07160019
光華段二小段,07250000
光華段二小段,07260000
光華段二小段,07270000
光華段二小段,07270002
光華段二小段,07330000
光華段二小段,07330003
光華段三小段,00010006
光華段三小段,00050000
光華段三小段,00050001
光華段三小段,00050002
光華段三小段,00050003
光華段三小段,00050005
光華段三小段,00050006
光華段三小段,00050007
光華段三小段,00050008
光華段三小段,00050009
光華段三小段,00050011
光華段三小段,00240000
光華段三小段,00250001
光華段三小段,01140002
光華段三小段,08910000
光華段三小段,08910001
光華段三小段,08950000
光華段三小段,08950001
光華段三小段,09250000
光華段三小段,09480000
光華段三小段,09500000
光華段三小段,09600000
光華段三小段,09610000
光華段三小段,09710000
光華段三小段,10920000
光華段三小段,10920001
光華段三小段,10920003
光華段三小段,10920007
光華段三小段,10920008
光華段三小段,10920010
光華段三小段,10920011
光華段三小段,10920012
光華段三小段,10920015
光華段三小段,10920016
光華段三小段,10940003
光華段三小段,10980000
光華段三小段,10980001
光華段三小段,10980003
光華段三小段,11020000
光華段三小段,11020001
光華段三小段,11020002
光華段三小段,11030000
光華段三小段,11040000
光華段三小段,11040001
光華段三小段,11040003
光華段三小段,11050000
光華段三小段,11060000
光華段三小段,11080000
光華段三小段,11090000
光華段三小段,11100000
光華段三小段,11130000
光華段三小段,11130001
光華段三小段,11130002
光華段三小段,11130003
光華段四小段,03470003
光華段四小段,03470004
光華段四小段,04380001
光華段四小段,04640000
光華段四小段,04660000
光華段四小段,04770000
光華段四小段,04770001
光華段四小段,04810001
光華段四小段,04820001
光華段四小段,05130007
光華段四小段,05130008
光華段四小段,05140003
光華段四小段,05140005
光華段四小段,05140007
光華段四小段,05140008
光華段四小段,05140009
光華段四小段,05140010
光華段四小段,05140011
光華段四小段,05140012
光華段四小段,05140013
光華段四小段,05140014
光華段四小段,05140015
光華段四小段,05140016
光華段四小段,05140017
光華段四小段,05140018
光華段四小段,05140019
光華段四小段,05140020
光華段四小段,05140021
光華段四小段,05610001
光華段四小段,05610005
光華段四小段,05610006
光華段四小段,05840000
光華段四小段,05850003
光華段四小段,05850007
光華段四小段,05910001
陽明段一小段,00300000
陽明段一小段,06880000
陽明段一小段,07400000
陽明段一小段,07450000
陽明段一小段,07460000
陽明段一小段,07480000
陽明段一小段,07510000
陽明段一小段,07530000
陽明段一小段,07540000
陽明段一小段,08040000
陽明段一小段,08040003
陽明段一小段,08040004
陽明段一小段,08040005
陽明段一小段,08100001
福林段一小段,02380000
福林段一小段,03040000
福林段一小段,03040010
福林段一小段,03040011
福林段一小段,03040013
福林段一小段,03040015
福林段一小段,03040018
福林段一小段,03040019
福林段一小段,03040020
福林段一小段,03040022
福林段一小段,03860000
福林段一小段,03940000
福林段一小段,03940005
福林段一小段,03940006
三玉段一小段,02330000
三玉段二小段,03550001
三玉段二小段,03650001
三玉段二小段,03770000
三玉段二小段,04890000
三玉段二小段,06360000
三玉段四小段,04390000
三玉段四小段,04590000
三玉段四小段,04910000
三玉段五小段,00150000
三玉段五小段,04450000
三玉段五小段,06440001
三玉段五小段,06610000
三玉段五小段,06830001
芝山段一小段,02210002
芝山段一小段,02230002
芝山段一小段,02260000
芝山段一小段,02490005
芝山段一小段,02530000
芝山段二小段,00190000
芝山段二小段,00310001
芝山段二小段,00310002
芝山段二小段,00350001
芝山段二小段,00630000
芝山段二小段,00640000
芝山段二小段,00650001
芝山段二小段,00650002
芝山段二小段,10960002
芝山段二小段,10960003
芝山段三小段,03550000
芝山段三小段,03550001
永新段四小段,04450000
永新段四小段,04520000
永新段四小段,04780001
永新段四小段,04830000
海光段一小段,00610000
天山段二小段,02800000
百齡段六小段,06490000
百齡段六小段,06490001
百齡段六小段,06500000
百齡段六小段,06540000
百齡段六小段,06560000
百齡段六小段,06710000
百齡段六小段,06710001
振興段二小段,00270000
振興段二小段,00280000
振興段二小段,00700000
振興段二小段,00700001
振興段二小段,00930001
振興段三小段,06780000
振興段三小段,06840000
振興段三小段,07070000
振興段四小段,01830000
振興段四小段,03640000
振興段四小段,03640001
振興段四小段,04030002
振興段四小段,04030003
文林段四小段,00900000
文林段四小段,00960000
立農段二小段,02220000
立農段三小段,00540001
立農段三小段,00600000
立農段三小段,00620001
立農段三小段,00620002
立農段三小段,00940001
立農段三小段,00940004
立農段三小段,00940007
立農段三小段,00940008
立農段四小段,03800001
立農段四小段,03810000
立農段五小段,03740001
立農段五小段,04590000
立農段五小段,04600000
立農段五小段,04800004
開明段二小段,00390000
開明段二小段,01650001
開明段二小段,01700002
大業段一小段,00690017
大業段一小段,05150004
大業段一小段,05340000
大業段二小段,00490000
大業段二小段,00500000
大業段二小段,07120002
大業段三小段,00760000
大業段三小段,00850000
大業段三小段,03800000
大業段三小段,03850000
大業段三小段,04940001
大業段三小段,05570000
大業段三小段,05620005
大業段三小段,05620006
溫泉段四小段,05300000
溫泉段四小段,05300001
溫泉段四小段,05300005
溫泉段四小段,05300006
溫泉段四小段,05360000
溫泉段四小段,05370000
溫泉段四小段,05390000
溫泉段四小段,05390002
奇岩段三小段,04140000
奇岩段五小段,02100000
奇岩段五小段,02130000
奇岩段五小段,02130000
奇岩段五小段,02150000
奇岩段五小段,02680000
奇岩段五小段,04440000
奇岩段五小段,04570003
秀山段三小段,03280000
豐年段四小段,01910000
豐年段四小段,01910001
豐年段四小段,01910002
豐年段四小段,01910003
豐年段四小段,01960000
豐年段四小段,03570001
豐年段四小段,03580000
豐年段四小段,03580001
豐年段四小段,03650002
豐年段四小段,03650006
豐年段四小段,03650014
豐年段四小段,03650015
豐年段四小段,03650016
豐年段四小段,03650017
豐年段四小段,03650022
豐年段四小段,05720001
崇仰段四小段,05170001
崇仰段四小段,06630000
崇仰段四小段,06640001
崇仰段四小段,06650001
崇仰段四小段,06660001
崇仰段四小段,06660002
崇仰段四小段,06660004
崇仰段四小段,06680000
崇仰段四小段,06680001
崇仰段四小段,06750001
崇仰段四小段,06760001
崇仰段四小段,06820000
崇仰段四小段,06860000
崇仰段四小段,06860001
桃源段四小段,01610000
桃源段四小段,04040000
桃源段四小段,04040002
豐年段四小段,03570002
豐年段四小段,03570003
豐年段四小段,03570004
龍泉段一小段,01400000
龍泉段一小段,01690000
龍泉段一小段,01690004
龍泉段一小段,01750000
龍泉段一小段,01750001
龍泉段一小段,01750002
龍泉段一小段,01820000
龍泉段一小段,03410000
龍泉段一小段,03410004
龍泉段一小段,04270001
龍泉段一小段,04310000
龍泉段一小段,04310004
龍泉段一小段,04310007
龍泉段一小段,04430001
龍泉段一小段,04430003
龍泉段一小段,04470000
龍泉段一小段,04470002
龍泉段一小段,05500000
龍泉段一小段,06080000
龍泉段一小段,06110001
龍泉段一小段,06150000
龍泉段一小段,06170000
龍泉段一小段,06190000
龍泉段一小段,06200000
龍泉段一小段,06210000
龍泉段三小段,04680000
龍泉段三小段,04680001
龍泉段三小段,04690000
龍泉段三小段,04710002
龍泉段三小段,04730002
龍泉段三小段,04730003
龍泉段三小段,04730004
龍泉段三小段,04740000
龍泉段三小段,04740001
龍泉段三小段,04750000
龍泉段三小段,07190001
龍泉段三小段,07360000
龍泉段三小段,07360001
龍泉段三小段,07450000
龍泉段三小段,07810001
龍泉段三小段,08880000
龍泉段三小段,08880001
龍泉段三小段,08900000
龍泉段三小段,08940000
龍泉段三小段,08960000
龍泉段三小段,10450000
金華段二小段,05780000
金華段二小段,05820000
金華段二小段,07830002
金華段三小段,03840000
金華段三小段,03840006
金華段三小段,03850000
金華段三小段,03850033
金華段三小段,03850036
金華段三小段,03850037
金華段三小段,04210000
金華段三小段,04350001
金華段三小段,05510005
金華段三小段,05520000
金華段三小段,05590005
金華段三小段,05590006
金華段三小段,05610002
金華段三小段,05610003
金華段三小段,05610005
金華段三小段,05610006
金華段三小段,05610008
金華段三小段,05620000
金華段三小段,05630000
金華段三小段,05650000
金華段三小段,05660000
金華段三小段,05700006
金華段三小段,05700007
金華段三小段,05700008
金華段三小段,05700009
金華段三小段,05710002
金華段四小段,01270000
金華段四小段,01270001
金華段四小段,02050002
金華段四小段,02050003
金華段四小段,02230002
金華段四小段,02230006
金華段四小段,05130005
金華段四小段,05150002
金華段四小段,05150004
金華段四小段,05440000
金華段四小段,08140001
瑞安段二小段,03100000
瑞安段二小段,03110000
瑞安段二小段,03110001
瑞安段二小段,03120000
瑞安段二小段,03140000
瑞安段二小段,03150000
瑞安段二小段,03160000
瑞安段二小段,03170000
瑞安段二小段,03260000
瑞安段三小段,02180000
瑞安段三小段,02220000
瑞安段三小段,02220003
瑞安段三小段,02220008
瑞安段三小段,02220009
瑞安段三小段,02220010
瑞安段三小段,02220011
瑞安段三小段,03010000
瑞安段三小段,04010000
瑞安段三小段,04180000
瑞安段三小段,04200000
瑞安段三小段,05380000
瑞安段三小段,06110001
瑞安段三小段,06290001
瑞安段三小段,06290002
瑞安段三小段,06290003
瑞安段三小段,06290004
瑞安段三小段,06470000
通化段一小段,02100000
通化段一小段,07730004
通化段一小段,07730005
通化段一小段,07730006
通化段一小段,07730009
通化段一小段,07730010
通化段一小段,08220000
通化段一小段,08230001
通化段一小段,08420000
通化段一小段,08430000
通化段一小段,08460001
通化段一小段,08470001
通化段一小段,08500000
通化段一小段,08700000
通化段一小段,08980000
通化段一小段,09020000
通化段一小段,09030000
通化段二小段,01610000
通化段二小段,01620000
通化段二小段,01620001
通化段二小段,01620002
通化段二小段,01770000
通化段二小段,01950000
通化段二小段,02100000
通化段二小段,02100001
通化段二小段,02120001
通化段二小段,02380000
通化段二小段,02580000
通化段二小段,02600000
通化段二小段,02660000
通化段二小段,02770000
通化段二小段,02930000
通化段二小段,02940000
通化段二小段,03570000
通化段二小段,03620000
通化段二小段,03630000
通化段二小段,03710000
通化段二小段,03900000
通化段二小段,03910000
通化段二小段,03970000
通化段二小段,04110002
通化段二小段,04210001
通化段二小段,04210003
通化段二小段,04210006
通化段二小段,04210007
通化段二小段,04210008
通化段二小段,05000000
通化段二小段,05060000
通化段二小段,05070000
通化段二小段,05110001
通化段二小段,06670000
通化段二小段,09320000
通化段二小段,10430000
通化段四小段,01300000
通化段四小段,01340001
通化段四小段,01560002
通化段四小段,01630000
通化段四小段,01650000
通化段四小段,01690002
通化段四小段,01700001
通化段四小段,01700002
通化段四小段,01700004
通化段四小段,01710001
通化段四小段,01740000
通化段四小段,02260000
通化段四小段,02270000
通化段四小段,02280000
通化段四小段,02290000
通化段四小段,02400000
通化段四小段,02400001
通化段四小段,02400002
通化段四小段,02410000
通化段四小段,02430000
通化段四小段,02430001
通化段四小段,02430002
通化段四小段,02440000
通化段四小段,02510002
通化段四小段,02560000
通化段四小段,02560001
通化段四小段,02590000
通化段四小段,02960005
通化段四小段,02980000
通化段四小段,03030002
通化段四小段,03030005
通化段四小段,03030006
通化段四小段,03030007
通化段四小段,03030008
通化段四小段,03470002
通化段四小段,03580001
通化段四小段,04950003
通化段四小段,06790000
通化段四小段,07890000
通化段四小段,07980000
通化段五小段,00940004
通化段五小段,04040000
通化段五小段,04040001
通化段五小段,04080000
通化段五小段,04090000
通化段五小段,04090001
通化段六小段,06540000
通化段六小段,06560000
通化段六小段,06560001
通化段六小段,06640000
通化段六小段,06860000
通化段六小段,06860001
仁愛段一小段,07300002
仁愛段一小段,07340000
仁愛段一小段,07370000
仁愛段一小段,07390000
仁愛段一小段,07400000
仁愛段一小段,07420000
仁愛段一小段,07930000
仁愛段一小段,07940000
仁愛段一小段,07950000
仁愛段四小段,02730000
仁愛段四小段,02730000
仁愛段四小段,02780001
學府段一小段,00840000
學府段一小段,00840000
學府段一小段,00850000
學府段一小段,01590000
學府段一小段,01910000
學府段一小段,02070000
學府段一小段,02070001
學府段一小段,02090000
學府段一小段,02090001
學府段一小段,02810002
學府段一小段,02810017
學府段一小段,02810018
學府段一小段,05470000
學府段一小段,05910001
學府段一小段,05930001
學府段一小段,05930002
學府段一小段,05930003
學府段一小段,06250000
學府段一小段,06250002
學府段二小段,01630000
學府段三小段,00800000
學府段三小段,00800001
學府段三小段,00800002
學府段三小段,00800003
學府段三小段,01130000
學府段三小段,04100000
學府段三小段,04170000
學府段三小段,04220000
學府段三小段,04220002
學府段三小段,04220003
學府段三小段,04230000
學府段三小段,04230002
學府段三小段,04230003
學府段三小段,04240000
學府段三小段,04240001
學府段三小段,04240002
學府段三小段,04240003
學府段三小段,04420000
學府段三小段,04420001
復興段二小段,00290002
復興段二小段,01420000
復興段二小段,01420001
復興段二小段,01490001
復興段二小段,01490011
復興段二小段,01490012
復興段二小段,01490014
復興段二小段,01490015
復興段二小段,01490016
復興段二小段,01500017
復興段二小段,01500027
復興段二小段,01500028
復興段二小段,01620001
復興段三小段,03760002
復興段三小段,03760003
復興段三小段,03760006
復興段三小段,04190000
復興段三小段,04190004
大安段一小段,00990004
大安段一小段,00990006
大安段一小段,01630000
大安段一小段,01680000
大安段一小段,01960000
大安段一小段,02140000
大安段三小段,02670001
大安段三小段,02670003
大安段三小段,02670005
大安段三小段,02670007
大安段三小段,03550000
大安段三小段,03550003
大安段三小段,03550005
大安段三小段,03550006
大安段三小段,03550007
大安段三小段,03550008
大安段三小段,03550009
大安段三小段,03550013
大安段三小段,03550014
大安段三小段,03900000
大安段三小段,03900001
大安段三小段,03910000
大安段三小段,03910001
大安段三小段,03910002
大安段三小段,03970001
大安段三小段,03970006
大安段三小段,04320000
大安段三小段,04330002
懷生段一小段,09400000
懷生段一小段,09400001
懷生段二小段,00170001
懷生段二小段,00170005
懷生段二小段,00450000
懷生段二小段,00450002
懷生段二小段,04750001
懷生段三小段,02780000
懷生段三小段,02780002
懷生段三小段,02780004
懷生段四小段,00080002
懷生段四小段,00080003
懷生段四小段,00090000
懷生段四小段,00100000
懷生段四小段,00100001
懷生段四小段,00110003
懷生段四小段,00110005
懷生段四小段,01420000
懷生段四小段,01430001
懷生段四小段,01440000
懷生段四小段,01520000
懷生段四小段,01530000
辛亥段一小段,01760000
辛亥段一小段,01760002
辛亥段一小段,01780000
辛亥段三小段,05210000
辛亥段三小段,05810000
辛亥段三小段,05850000
辛亥段三小段,05850001
辛亥段三小段,06000000
辛亥段三小段,06090000
辛亥段四小段,01740001
辛亥段四小段,01750000
辛亥段四小段,01750001
辛亥段四小段,01750002
辛亥段四小段,01750003
辛亥段四小段,01750004
辛亥段四小段,01750005
辛亥段四小段,01760000
辛亥段四小段,01770000
辛亥段四小段,01770003
辛亥段四小段,01770004
辛亥段四小段,01770005
辛亥段四小段,02810000
辛亥段四小段,04960013
仁愛段六小段,02060000
光華段三小段,00050013
犁和段一小段,01600000
犁和段二小段,01250000
犁和段二小段,01550000
